Intake ID,Notice ID,Solicitation Number,Historical Source URL,Notice Type,Posted Date,Original Response Deadline,Agency,Subagency,Contracting Office,Title,Description,NAICS,PSC,Set-Aside Type,Estimated Value,Product or Service,Supply Track,Place of Performance,Delivery Destination,Attachments Available,Amendments Available,Q&A Available,Award Outcome Available,Award Notice URL,Awardee,Award Amount,Award Type,Parent Award ID,Open Competitive Path,Parent Vehicle Required,Could GGG Compete At Time,Mandatory-Source Status,AbilityOne Status,Product-Exclusion Result,Requirement Completeness,Payment-Method Evidence,Preliminary Supplier Exposure,Exposure Classification,Preliminary Probable Net,Preliminary Accessibility Score,Preliminary Kickoff Fit Score,Preliminary Baseball Call,Primary Failure Point,Intake Decision,Confidence,Notes,Source Extract Row
HOS01-001,23e6b2acff32487591fbd6f8ec6b24bc,36C77022R0008,https://sam.gov/workspace/contract/opp/23e6b2acff32487591fbd6f8ec6b24bc/view,Solicitation,2023-01-11,2023-01-20,"VETERANS AFFAIRS, DEPARTMENT OF","VETERANS AFFAIRS, DEPARTMENT OF",NATIONAL CMOP OFFICE (36C770),Q517--Staffing Service Tucson,Amendment 0002,561210,Q517,,Unknown pre-award; historical award is answer key,Service / mixed,Mixed control,,Not recovered from extract,Unknown / direct record review required,Unknown — version history retrieval required,Unknown — archive retrieval required,Yes — embedded in official extract,https://sam.gov/workspace/contract/opp/23e6b2acff32487591fbd6f8ec6b24bc/view,null,,Not provided in extract outcome fields,Not indicated at solicitation intake,Potentially yes — direct solicitation notice,No evidence in extract; verify solicitation,Potentially yes — subject to active SAM registration and representations,Review required,Review exact product/NSN; no conflict detected,Pass / no automatic exclusion detected,Incomplete from extract,Unknown — never infer from award amount,Not modeled before archive/requirements gate,Unclassified pending sourcing,Not modeled before supplier pricing,85,50,Strikeout,Gate 7 — requirement completeness,NO-BID / REJECT AT INTAKE,Moderate — official extract metadata; attachments not yet reconstructed,"Extract Active flag inconsistent with 2023-2024 closed deadline; verify notice version/archive directly. No separate additional-information link in extract. Award outcome is answer key, not pre-award pricing evidence.",70164
HOS01-002,03c26317ad4348df88d8a2685c8bc753,36C77022R0008,https://sam.gov/workspace/contract/opp/03c26317ad4348df88d8a2685c8bc753/view,Solicitation,2023-01-17,2023-01-20,"VETERANS AFFAIRS, DEPARTMENT OF","VETERANS AFFAIRS, DEPARTMENT OF",NATIONAL CMOP OFFICE (36C770),Q517--Staffing Service Tucson,Amendment 0003,561210,Q517,,Unknown pre-award; historical award is answer key,Service / mixed,Mixed control,,Not recovered from extract,Unknown / direct record review required,Unknown — version history retrieval required,Unknown — archive retrieval required,Yes — embedded in official extract,https://sam.gov/workspace/contract/opp/03c26317ad4348df88d8a2685c8bc753/view,null,,Not provided in extract outcome fields,Not indicated at solicitation intake,Potentially yes — direct solicitation notice,No evidence in extract; verify solicitation,Potentially yes — subject to active SAM registration and representations,Review required,Review exact product/NSN; no conflict detected,Pass / no automatic exclusion detected,Incomplete from extract,Unknown — never infer from award amount,Not modeled before archive/requirements gate,Unclassified pending sourcing,Not modeled before supplier pricing,85,50,Strikeout,Gate 7 — requirement completeness,NO-BID / REJECT AT INTAKE,Moderate — official extract metadata; attachments not yet reconstructed,"Extract Active flag inconsistent with 2023-2024 closed deadline; verify notice version/archive directly. No separate additional-information link in extract. Award outcome is answer key, not pre-award pricing evidence.",70132
HOS01-003,ebc46d1bb59b4126b124324c040ada51,36C77022R0008,https://sam.gov/workspace/contract/opp/ebc46d1bb59b4126b124324c040ada51/view,Solicitation,2023-01-26,2023-02-03,"VETERANS AFFAIRS, DEPARTMENT OF","VETERANS AFFAIRS, DEPARTMENT OF",NATIONAL CMOP OFFICE (36C770),Q517--Staffing Service Tucson,Amendment 0004,561210,Q517,,Unknown pre-award; historical award is answer key,Service / mixed,Mixed control,,Not recovered from extract,Unknown / direct record review required,Unknown — version history retrieval required,Unknown — archive retrieval required,Yes — embedded in official extract,https://sam.gov/workspace/contract/opp/ebc46d1bb59b4126b124324c040ada51/view,null,,Not provided in extract outcome fields,Not indicated at solicitation intake,Potentially yes — direct solicitation notice,No evidence in extract; verify solicitation,Potentially yes — subject to active SAM registration and representations,Review required,Review exact product/NSN; no conflict detected,Pass / no automatic exclusion detected,Incomplete from extract,Unknown — never infer from award amount,Not modeled before archive/requirements gate,Unclassified pending sourcing,Not modeled before supplier pricing,85,50,Strikeout,Gate 7 — requirement completeness,NO-BID / REJECT AT INTAKE,Moderate — official extract metadata; attachments not yet reconstructed,"Extract Active flag inconsistent with 2023-2024 closed deadline; verify notice version/archive directly. No separate additional-information link in extract. Award outcome is answer key, not pre-award pricing evidence.",70066
HOS01-004,394439d8db5c4db09f5bd18622639e27,N6247323R3203,https://sam.gov/workspace/contract/opp/394439d8db5c4db09f5bd18622639e27/view,Solicitation,2023-02-27,2023-03-29,DEPT OF DEFENSE,DEPT OF THE NAVY,NAVFACSYSCOM SOUTHWEST,"B234 Electrical Upgrades ? High Voltage Switch and Transformers at Naval Support Activity Monterey (NSAM), Monterey, CA","CLIN 0001 (FFP): This is a Firm Fixed-Price (FFP) Design-Build (DB) construction project involving partial demolition and replacement of three (3) unit substations (T6, T7, and T9), medium voltage conductors, and low voltage associated components between the transformers and switchboards in Building 234 at Naval Support Activity Monterey (NSAM) ? Halligan Hall. CLIN 0002 (FFP): Optional Item One (1) - Install a spare 5-inch conduit from Manhole 8 to the new Building 234 substation. CLIN 0003 (FFP): Optional Item Two (2) - Provide and install new distribution switchboards, including circuit breakers.",237130,Z2CZ,Women-Owned Small Business,Unknown pre-award; historical award is answer key,Service / mixed,Mixed control,,Not recovered from extract,Unknown / direct record review required,Unknown — version history retrieval required,Unknown — archive retrieval required,Yes — embedded in official extract,https://sam.gov/workspace/contract/opp/394439d8db5c4db09f5bd18622639e27/view,null,,Not provided in extract outcome fields,Not indicated at solicitation intake,Potentially yes — direct solicitation notice,No evidence in extract; verify solicitation,No — socioeconomic set-aside not held by GGG,Review required,Review exact product/NSN; no conflict detected,Construction / installation / repair / field service,Partial — attachments or detail retrieval required,Unknown — never infer from award amount,Not modeled before archive/requirements gate,Unclassified pending sourcing,Not modeled before supplier pricing,45,0,Strikeout,Gate 4 — GGG eligibility,NO-BID / REJECT AT INTAKE,Moderate — official extract metadata; attachments not yet reconstructed,"Extract Active flag inconsistent with 2023-2024 closed deadline; verify notice version/archive directly. No separate additional-information link in extract. Award outcome is answer key, not pre-award pricing evidence.",69782
HOS01-005,72f4914087b64afe99949059602d7f48,N6247323R3203,https://sam.gov/workspace/contract/opp/72f4914087b64afe99949059602d7f48/view,Solicitation,2023-03-07,2023-03-29,DEPT OF DEFENSE,DEPT OF THE NAVY,NAVFACSYSCOM SOUTHWEST,"B234 Electrical Upgrades ? High Voltage Switch and Transformers at Naval Support Activity Monterey (NSAM), Monterey, CA","Amendment 001: Provision of Site Walk Attendance Sheet CLIN 0001 (FFP): This is a Firm Fixed-Price (FFP) Design-Build (DB) construction project involving partial demolition and replacement of three (3) unit substations (T6, T7, and T9), medium voltage conductors, and low voltage associated components between the transformers and switchboards in Building 234 at Naval Support Activity Monterey (NSAM) ? Halligan Hall. CLIN 0002 (FFP): Optional Item One (1) - Install a spare 5-inch conduit from Manhole 8 to the new Building 234 substation. CLIN 0003 (FFP): Optional Item Two (2) - Provide and install new distribution switchboards, including circuit breakers.",237130,Z2CZ,Women-Owned Small Business,Unknown pre-award; historical award is answer key,Service / mixed,Mixed control,,Not recovered from extract,Unknown / direct record review required,Unknown — version history retrieval required,Unknown — archive retrieval required,Yes — embedded in official extract,https://sam.gov/workspace/contract/opp/72f4914087b64afe99949059602d7f48/view,null,,Not provided in extract outcome fields,Not indicated at solicitation intake,Potentially yes — direct solicitation notice,No evidence in extract; verify solicitation,No — socioeconomic set-aside not held by GGG,Review required,Review exact product/NSN; no conflict detected,Construction / installation / repair / field service,Partial — attachments or detail retrieval required,Unknown — never infer from award amount,Not modeled before archive/requirements gate,Unclassified pending sourcing,Not modeled before supplier pricing,45,0,Strikeout,Gate 4 — GGG eligibility,NO-BID / REJECT AT INTAKE,Moderate — official extract metadata; attachments not yet reconstructed,"Extract Active flag inconsistent with 2023-2024 closed deadline; verify notice version/archive directly. No separate additional-information link in extract. Award outcome is answer key, not pre-award pricing evidence.",69691
HOS01-006,a1eec76a4e014fe8b55c5defde628d7b,N6247323R3203,https://sam.gov/workspace/contract/opp/a1eec76a4e014fe8b55c5defde628d7b/view,Solicitation,2023-03-14,2023-03-29,DEPT OF DEFENSE,DEPT OF THE NAVY,NAVFACSYSCOM SOUTHWEST,"B234 Electrical Upgrades ? High Voltage Switch and Transformers at Naval Support Activity Monterey (NSAM), Monterey, CA","Amendment 002: Extension of RFI due date and incorporation of updated Wage Determination. Amendment 001: Provision of Site Walk Attendance Sheet CLIN 0001 (FFP): This is a Firm Fixed-Price (FFP) Design-Build (DB) construction project involving partial demolition and replacement of three (3) unit substations (T6, T7, and T9), medium voltage conductors, and low voltage associated components between the transformers and switchboards in Building 234 at Naval Support Activity Monterey (NSAM) ? Halligan Hall. CLIN 0002 (FFP): Optional Item One (1) - Install a spare 5-inch conduit from Manhole 8 to the new Building 234 substation. CLIN 0003 (FFP): Optional Item Two (2) - Provide and install new distribution switchboards, including circuit breakers.",237130,Z2CZ,Women-Owned Small Business,Unknown pre-award; historical award is answer key,Service / mixed,Mixed control,,Not recovered from extract,Unknown / direct record review required,Unknown — version history retrieval required,Unknown — archive retrieval required,Yes — embedded in official extract,https://sam.gov/workspace/contract/opp/a1eec76a4e014fe8b55c5defde628d7b/view,null,,Not provided in extract outcome fields,Not indicated at solicitation intake,Potentially yes — direct solicitation notice,No evidence in extract; verify solicitation,No — socioeconomic set-aside not held by GGG,Review required,Review exact product/NSN; no conflict detected,Construction / installation / repair / field service,Partial — attachments or detail retrieval required,Unknown — never infer from award amount,Not modeled before archive/requirements gate,Unclassified pending sourcing,Not modeled before supplier pricing,45,0,Strikeout,Gate 4 — GGG eligibility,NO-BID / REJECT AT INTAKE,Moderate — official extract metadata; attachments not yet reconstructed,"Extract Active flag inconsistent with 2023-2024 closed deadline; verify notice version/archive directly. No separate additional-information link in extract. Award outcome is answer key, not pre-award pricing evidence.",69594
HOS01-007,f2b87a65f1274fd494ca2ef09cf3db00,N6247323R3203,https://sam.gov/workspace/contract/opp/f2b87a65f1274fd494ca2ef09cf3db00/view,Solicitation,2023-03-17,2023-03-29,DEPT OF DEFENSE,DEPT OF THE NAVY,NAVFACSYSCOM SOUTHWEST,"B234 Electrical Upgrades ? High Voltage Switch and Transformers at Naval Support Activity Monterey (NSAM), Monterey, CA","Amendment 0003: Incorporate Government responses to Requests for Information (RFIs), and extend RFI due date. Amendment 002: Extension of RFI due date and incorporation of updated Wage Determination. Amendment 001: Provision of Site Walk Attendance Sheet CLIN 0001 (FFP): This is a Firm Fixed-Price (FFP) Design-Build (DB) construction project involving partial demolition and replacement of three (3) unit substations (T6, T7, and T9), medium voltage conductors, and low voltage associated components between the transformers and switchboards in Building 234 at Naval Support Activity Monterey (NSAM) ? Halligan Hall. CLIN 0002 (FFP): Optional Item One (1) - Install a spare 5-inch conduit from Manhole 8 to the new Building 234 substation. CLIN 0003 (FFP): Optional Item Two (2) - Provide and install new distribution switchboards, including circuit breakers.",237130,Z2CZ,Women-Owned Small Business,Unknown pre-award; historical award is answer key,Service / mixed,Mixed control,,Not recovered from extract,Unknown / direct record review required,Unknown — version history retrieval required,Unknown — archive retrieval required,Yes — embedded in official extract,https://sam.gov/workspace/contract/opp/f2b87a65f1274fd494ca2ef09cf3db00/view,null,,Not provided in extract outcome fields,Not indicated at solicitation intake,Potentially yes — direct solicitation notice,No evidence in extract; verify solicitation,No — socioeconomic set-aside not held by GGG,Review required,Review exact product/NSN; no conflict detected,Construction / installation / repair / field service,Partial — attachments or detail retrieval required,Unknown — never infer from award amount,Not modeled before archive/requirements gate,Unclassified pending sourcing,Not modeled before supplier pricing,45,0,Strikeout,Gate 4 — GGG eligibility,NO-BID / REJECT AT INTAKE,Moderate — official extract metadata; attachments not yet reconstructed,"Extract Active flag inconsistent with 2023-2024 closed deadline; verify notice version/archive directly. No separate additional-information link in extract. Award outcome is answer key, not pre-award pricing evidence.",69548
HOS01-008,8323d82426834458801f13629d02eaa4,N6247323R3203,https://sam.gov/workspace/contract/opp/8323d82426834458801f13629d02eaa4/view,Solicitation,2023-03-20,2023-03-29,DEPT OF DEFENSE,DEPT OF THE NAVY,NAVFACSYSCOM SOUTHWEST,"B234 Electrical Upgrades ? High Voltage Switch and Transformers at Naval Support Activity Monterey (NSAM), Monterey, CA","Amendment 0003: Incorporate Government responses to Requests for Information (RFIs), and extend RFI due date. Amendment 002: Extension of RFI due date and incorporation of updated Wage Determination. Amendment 001: Provision of Site Walk Attendance Sheet CLIN 0001 (FFP): This is a Firm Fixed-Price (FFP) Design-Build (DB) construction project involving partial demolition and replacement of three (3) unit substations (T6, T7, and T9), medium voltage conductors, and low voltage associated components between the transformers and switchboards in Building 234 at Naval Support Activity Monterey (NSAM) ? Halligan Hall. CLIN 0002 (FFP): Optional Item One (1) - Install a spare 5-inch conduit from Manhole 8 to the new Building 234 substation. CLIN 0003 (FFP): Optional Item Two (2) - Provide and install new distribution switchboards, including circuit breakers.",237130,Z2CZ,Women-Owned Small Business,Unknown pre-award; historical award is answer key,Service / mixed,Mixed control,,Not recovered from extract,Unknown / direct record review required,Unknown — version history retrieval required,Unknown — archive retrieval required,Yes — embedded in official extract,https://sam.gov/workspace/contract/opp/8323d82426834458801f13629d02eaa4/view,null,,Not provided in extract outcome fields,Not indicated at solicitation intake,Potentially yes — direct solicitation notice,No evidence in extract; verify solicitation,No — socioeconomic set-aside not held by GGG,Review required,Review exact product/NSN; no conflict detected,Construction / installation / repair / field service,Partial — attachments or detail retrieval required,Unknown — never infer from award amount,Not modeled before archive/requirements gate,Unclassified pending sourcing,Not modeled before supplier pricing,45,0,Strikeout,Gate 4 — GGG eligibility,NO-BID / REJECT AT INTAKE,Moderate — official extract metadata; attachments not yet reconstructed,"Extract Active flag inconsistent with 2023-2024 closed deadline; verify notice version/archive directly. No separate additional-information link in extract. Award outcome is answer key, not pre-award pricing evidence.",69519
HOS01-009,a3e047ac2d0c4b4cb48e361347fb7969,N6247323R3203,https://sam.gov/workspace/contract/opp/a3e047ac2d0c4b4cb48e361347fb7969/view,Solicitation,2023-03-21,2023-03-29,DEPT OF DEFENSE,DEPT OF THE NAVY,NAVFACSYSCOM SOUTHWEST,"B234 Electrical Upgrades ? High Voltage Switch and Transformers at Naval Support Activity Monterey (NSAM), Monterey, CA","Amendment 0005: Incorporate FAR 52.217-4, an updated Wage Determination, and PIEE Solicitation Module Vendor Access Instructions into the solicitation. Amendment 0004: Incorporate Government responses to Requests for Information (RFIs). Amendment 0003: Incorporate Government responses to Requests for Information (RFIs), and extend RFI due date. Amendment 002: Extension of RFI due date and incorporation of updated Wage Determination. Amendment 001: Provision of Site Walk Attendance Sheet CLIN 0001 (FFP): This is a Firm Fixed-Price (FFP) Design-Build (DB) construction project involving partial demolition and replacement of three (3) unit substations (T6, T7, and T9), medium voltage conductors, and low voltage associated components between the transformers and switchboards in Building 234 at Naval Support Activity Monterey (NSAM) ? Halligan Hall. CLIN 0002 (FFP): Optional Item One (1) - Install a spare 5-inch conduit from Manhole 8 to the new Building 234 substation. CLIN 0003 (FFP): Optional Item Two (2) - Provide and install new distribution switchboards, including circuit breakers.",237130,Z2CZ,Women-Owned Small Business,Unknown pre-award; historical award is answer key,Service / mixed,Mixed control,,Not recovered from extract,Unknown / direct record review required,Unknown — version history retrieval required,Unknown — archive retrieval required,Yes — embedded in official extract,https://sam.gov/workspace/contract/opp/a3e047ac2d0c4b4cb48e361347fb7969/view,null,,Not provided in extract outcome fields,Not indicated at solicitation intake,Potentially yes — direct solicitation notice,No evidence in extract; verify solicitation,No — socioeconomic set-aside not held by GGG,Review required,Review exact product/NSN; no conflict detected,Construction / installation / repair / field service,Partial — attachments or detail retrieval required,Unknown — never infer from award amount,Not modeled before archive/requirements gate,Unclassified pending sourcing,Not modeled before supplier pricing,45,0,Strikeout,Gate 4 — GGG eligibility,NO-BID / REJECT AT INTAKE,Moderate — official extract metadata; attachments not yet reconstructed,"Extract Active flag inconsistent with 2023-2024 closed deadline; verify notice version/archive directly. No separate additional-information link in extract. Award outcome is answer key, not pre-award pricing evidence.",69508
HOS01-010,8e1952a01d674ad9a0a10fb84ce4c893,N6247323R3203,https://sam.gov/workspace/contract/opp/8e1952a01d674ad9a0a10fb84ce4c893/view,Solicitation,2023-03-22,2023-03-29,DEPT OF DEFENSE,DEPT OF THE NAVY,NAVFACSYSCOM SOUTHWEST,"B234 Electrical Upgrades ? High Voltage Switch and Transformers at Naval Support Activity Monterey (NSAM), Monterey, CA","Amendment 0006: Incorporate commissioning requirement(s), revised RFP Sections in Parts 2, 3, and 5; extend Requests for Information (RFI) due date and incorporate Government responses to RFIs. Amendment 0005: Incorporate FAR 52.217-4, an updated Wage Determination, and PIEE Solicitation Module Vendor Access Instructions into the solicitation. Amendment 0004: Incorporate Government responses to Requests for Information (RFIs). Amendment 0003: Incorporate Government responses to Requests for Information (RFIs), and extend RFI due date. Amendment 002: Extension of RFI due date and incorporation of updated Wage Determination. Amendment 001: Provision of Site Walk Attendance Sheet CLIN 0001 (FFP): This is a Firm Fixed-Price (FFP) Design-Build (DB) construction project involving partial demolition and replacement of three (3) unit substations (T6, T7, and T9), medium voltage conductors, and low voltage associated components between the transformers and switchboards in Building 234 at Naval Support Activity Monterey (NSAM) ? Halligan Hall. CLIN 0002 (FFP): Optional Item One (1) - Install a spare 5-inch conduit from Manhole 8 to the new Building 234 substation. CLIN 0003 (FFP): Optional I",237130,Z2CZ,Women-Owned Small Business,Unknown pre-award; historical award is answer key,Service / mixed,Mixed control,,Not recovered from extract,Unknown / direct record review required,Unknown — version history retrieval required,Unknown — archive retrieval required,Yes — embedded in official extract,https://sam.gov/workspace/contract/opp/8e1952a01d674ad9a0a10fb84ce4c893/view,null,,Not provided in extract outcome fields,Not indicated at solicitation intake,Potentially yes — direct solicitation notice,No evidence in extract; verify solicitation,No — socioeconomic set-aside not held by GGG,Review required,Review exact product/NSN; no conflict detected,Construction / installation / repair / field service,Partial — attachments or detail retrieval required,Unknown — never infer from award amount,Not modeled before archive/requirements gate,Unclassified pending sourcing,Not modeled before supplier pricing,45,0,Strikeout,Gate 4 — GGG eligibility,NO-BID / REJECT AT INTAKE,Moderate — official extract metadata; attachments not yet reconstructed,"Extract Active flag inconsistent with 2023-2024 closed deadline; verify notice version/archive directly. No separate additional-information link in extract. Award outcome is answer key, not pre-award pricing evidence.",69495
HOS01-011,8b4193e3b97f4d1aa166d476a82fd730,N6247323R3203,https://sam.gov/workspace/contract/opp/8b4193e3b97f4d1aa166d476a82fd730/view,Solicitation,2023-03-24,2023-03-29,DEPT OF DEFENSE,DEPT OF THE NAVY,NAVFACSYSCOM SOUTHWEST,"B234 Electrical Upgrades ? High Voltage Switch and Transformers at Naval Support Activity Monterey (NSAM), Monterey, CA","Amendment 0007: Incorporate Government responses to Requests for Information (RFIs) into solicitation. Amendment 0006: Incorporate commissioning requirement(s), revised RFP Sections in Parts 2, 3, and 5; extend Requests for Information (RFI) due date and incorporate Government responses to RFIs. Amendment 0005: Incorporate FAR 52.217-4, an updated Wage Determination, and PIEE Solicitation Module Vendor Access Instructions into the solicitation. Amendment 0004: Incorporate Government responses to Requests for Information (RFIs). Amendment 0003: Incorporate Government responses to Requests for Information (RFIs), and extend RFI due date. Amendment 002: Extension of RFI due date and incorporation of updated Wage Determination. Amendment 001: Provision of Site Walk Attendance Sheet CLIN 0001 (FFP): This is a Firm Fixed-Price (FFP) Design-Build (DB) construction project involving partial demolition and replacement of three (3) unit substations (T6, T7, and T9), medium voltage conductors, and low voltage associated components between the transformers and switchboards in Building 234 at Naval Support Activity Monterey (NSAM) ? Halligan Hall. CLIN 0002 (FFP): Optional Item One (1) - Instal",237130,Z2CZ,Women-Owned Small Business,Unknown pre-award; historical award is answer key,Service / mixed,Mixed control,,Not recovered from extract,Unknown / direct record review required,Unknown — version history retrieval required,Unknown — archive retrieval required,Yes — embedded in official extract,https://sam.gov/workspace/contract/opp/8b4193e3b97f4d1aa166d476a82fd730/view,null,,Not provided in extract outcome fields,Not indicated at solicitation intake,Potentially yes — direct solicitation notice,No evidence in extract; verify solicitation,No — socioeconomic set-aside not held by GGG,Review required,Review exact product/NSN; no conflict detected,Construction / installation / repair / field service,Partial — attachments or detail retrieval required,Unknown — never infer from award amount,Not modeled before archive/requirements gate,Unclassified pending sourcing,Not modeled before supplier pricing,45,0,Strikeout,Gate 4 — GGG eligibility,NO-BID / REJECT AT INTAKE,Moderate — official extract metadata; attachments not yet reconstructed,"Extract Active flag inconsistent with 2023-2024 closed deadline; verify notice version/archive directly. No separate additional-information link in extract. Award outcome is answer key, not pre-award pricing evidence.",69481
HOS01-012,4c27d9a5ad9b476189b1fa62e10bffd3,N6945023R0022,https://sam.gov/workspace/contract/opp/4c27d9a5ad9b476189b1fa62e10bffd3/view,Solicitation,2023-04-26,2023-06-08,DEPT OF DEFENSE,DEPT OF THE NAVY,NAVFACSYSCOM SOUTHEAST,"P596 POWERTRAIN (ENGINES ASSEMBLY) FACILITY PROJECT AT CORPUS CHRISTI ARMY DEPOT (CCAD) NAVAL AIR STATION CORPUS CHRISTI, TEXAS.","DESCRIPTION OF ACQUISITION1. This acquisition will result in the award of a Firm-Fixed Price (FFP) contract for Design-Bid-Build (DBB) construction.2. The intent of the project is to construct a new Powertrain Facility (Engines Assembly) CorpusChristi Army Depot at NAS Corpus Christi, Texas to house rotary wing component rebuild activities. Primaryfacilities include an Aircraft Component Repair Shop (ACRS) (140,083 SF building) with open Flex Spaceto house rotary wing component rebuild and maintenance processes and space to house supervision, latrine,and miscellaneous support space; an Administrative Support Facility (65,840 SF building) to includeadministrative space and depot command headquarters; Central Energy Plant (10,260 SF building), specialfoundations, mass notification systems, fire protection, and alarm systems, Energy Monitoring and ControlSystem connection, Antiterrorism Measures, Post Construction Contract Award Services (PCAS), andBuilding Information Systems.Supporting facilities include utilities (electrical service, water, sewer, and natural gas), paving,walks, curbs and gutters, storm drainage, site improvements (to include relocation of playing fields andjogging",236210,Y1EB,,Unknown pre-award; historical award is answer key,Service / mixed,MRO tools and commercial hardware,,Not recovered from extract,Unknown / direct record review required,Unknown — version history retrieval required,Unknown — archive retrieval required,Yes — embedded in official extract,https://sam.gov/workspace/contract/opp/4c27d9a5ad9b476189b1fa62e10bffd3/view,null,,Not provided in extract outcome fields,Not indicated at solicitation intake,Potentially yes — direct solicitation notice,No evidence in extract; verify solicitation,Potentially yes — subject to active SAM registration and representations,Review required,Review exact product/NSN; no conflict detected,Construction / installation / repair / field service,Partial — attachments or detail retrieval required,Unknown — never infer from award amount,Not modeled before archive/requirements gate,Unclassified pending sourcing,Not modeled before supplier pricing,85,0,Strikeout,Gate 6 — product/service exclusion,NO-BID / REJECT AT INTAKE,Moderate — official extract metadata; attachments not yet reconstructed,"Extract Active flag inconsistent with 2023-2024 closed deadline; verify notice version/archive directly. No separate additional-information link in extract. Award outcome is answer key, not pre-award pricing evidence.",69251
HOS01-013,9a8cd1e8d49346e2b57c13619cb707ab,N6945023R0022,https://sam.gov/workspace/contract/opp/9a8cd1e8d49346e2b57c13619cb707ab/view,Solicitation,2023-05-04,2023-06-08,DEPT OF DEFENSE,DEPT OF THE NAVY,NAVFACSYSCOM SOUTHEAST,"P596 POWERTRAIN (ENGINES ASSEMBLY) FACILITY PROJECT AT CORPUS CHRISTI ARMY DEPOT (CCAD) NAVAL AIR STATION CORPUS CHRISTI, TEXAS.","DESCRIPTION OF ACQUISITION1. This acquisition will result in the award of a Firm-Fixed Price (FFP) contract for Design-Bid-Build (DBB) construction.2. The intent of the project is to construct a new Powertrain Facility (Engines Assembly) CorpusChristi Army Depot at NAS Corpus Christi, Texas to house rotary wing component rebuild activities. Primaryfacilities include an Aircraft Component Repair Shop (ACRS) (140,083 SF building) with open Flex Spaceto house rotary wing component rebuild and maintenance processes and space to house supervision, latrine,and miscellaneous support space; an Administrative Support Facility (65,840 SF building) to includeadministrative space and depot command headquarters; Central Energy Plant (10,260 SF building), specialfoundations, mass notification systems, fire protection, and alarm systems, Energy Monitoring and ControlSystem connection, Antiterrorism Measures, Post Construction Contract Award Services (PCAS), andBuilding Information Systems.Supporting facilities include utilities (electrical service, water, sewer, and natural gas), paving,walks, curbs and gutters, storm drainage, site improvements (to include relocation of playing fields andjogging",236210,Y1EB,,Unknown pre-award; historical award is answer key,Service / mixed,MRO tools and commercial hardware,,Not recovered from extract,Unknown / direct record review required,Unknown — version history retrieval required,Unknown — archive retrieval required,Yes — embedded in official extract,https://sam.gov/workspace/contract/opp/9a8cd1e8d49346e2b57c13619cb707ab/view,null,,Not provided in extract outcome fields,Not indicated at solicitation intake,Potentially yes — direct solicitation notice,No evidence in extract; verify solicitation,Potentially yes — subject to active SAM registration and representations,Review required,Review exact product/NSN; no conflict detected,Construction / installation / repair / field service,Partial — attachments or detail retrieval required,Unknown — never infer from award amount,Not modeled before archive/requirements gate,Unclassified pending sourcing,Not modeled before supplier pricing,85,0,Strikeout,Gate 6 — product/service exclusion,NO-BID / REJECT AT INTAKE,Moderate — official extract metadata; attachments not yet reconstructed,"Extract Active flag inconsistent with 2023-2024 closed deadline; verify notice version/archive directly. No separate additional-information link in extract. Award outcome is answer key, not pre-award pricing evidence.",69203
HOS01-014,f76943357c624005937bf27c23252099,N6945023R0022,https://sam.gov/workspace/contract/opp/f76943357c624005937bf27c23252099/view,Solicitation,2023-05-19,2023-06-22,DEPT OF DEFENSE,DEPT OF THE NAVY,NAVFACSYSCOM SOUTHEAST,"P596 POWERTRAIN (ENGINES ASSEMBLY) FACILITY PROJECT AT CORPUS CHRISTI ARMY DEPOT (CCAD) NAVAL AIR STATION CORPUS CHRISTI, TEXAS.","DESCRIPTION OF ACQUISITION1. This acquisition will result in the award of a Firm-Fixed Price (FFP) contract for Design-Bid-Build (DBB) construction.2. The intent of the project is to construct a new Powertrain Facility (Engines Assembly) CorpusChristi Army Depot at NAS Corpus Christi, Texas to house rotary wing component rebuild activities. Primaryfacilities include an Aircraft Component Repair Shop (ACRS) (140,083 SF building) with open Flex Spaceto house rotary wing component rebuild and maintenance processes and space to house supervision, latrine,and miscellaneous support space; an Administrative Support Facility (65,840 SF building) to includeadministrative space and depot command headquarters; Central Energy Plant (10,260 SF building), specialfoundations, mass notification systems, fire protection, and alarm systems, Energy Monitoring and ControlSystem connection, Antiterrorism Measures, Post Construction Contract Award Services (PCAS), andBuilding Information Systems.Supporting facilities include utilities (electrical service, water, sewer, and natural gas), paving,walks, curbs and gutters, storm drainage, site improvements (to include relocation of playing fields andjogging",236210,Y1EB,,Unknown pre-award; historical award is answer key,Service / mixed,MRO tools and commercial hardware,,Not recovered from extract,Unknown / direct record review required,Unknown — version history retrieval required,Unknown — archive retrieval required,Yes — embedded in official extract,https://sam.gov/workspace/contract/opp/f76943357c624005937bf27c23252099/view,null,,Not provided in extract outcome fields,Not indicated at solicitation intake,Potentially yes — direct solicitation notice,No evidence in extract; verify solicitation,Potentially yes — subject to active SAM registration and representations,Review required,Review exact product/NSN; no conflict detected,Construction / installation / repair / field service,Partial — attachments or detail retrieval required,Unknown — never infer from award amount,Not modeled before archive/requirements gate,Unclassified pending sourcing,Not modeled before supplier pricing,85,0,Strikeout,Gate 6 — product/service exclusion,NO-BID / REJECT AT INTAKE,Moderate — official extract metadata; attachments not yet reconstructed,"Extract Active flag inconsistent with 2023-2024 closed deadline; verify notice version/archive directly. No separate additional-information link in extract. Award outcome is answer key, not pre-award pricing evidence.",69107
HOS01-015,59fc15438ff24ea9abc0c5cf72608ebc,N6945023R0022,https://sam.gov/workspace/contract/opp/59fc15438ff24ea9abc0c5cf72608ebc/view,Solicitation,2023-06-07,2023-06-22,DEPT OF DEFENSE,DEPT OF THE NAVY,NAVFACSYSCOM SOUTHEAST,"P596 POWERTRAIN (ENGINES ASSEMBLY) FACILITY PROJECT AT CORPUS CHRISTI ARMY DEPOT (CCAD) NAVAL AIR STATION CORPUS CHRISTI, TEXAS.","DESCRIPTION OF ACQUISITION1. This acquisition will result in the award of a Firm-Fixed Price (FFP) contract for Design-Bid-Build (DBB) construction.2. The intent of the project is to construct a new Powertrain Facility (Engines Assembly) CorpusChristi Army Depot at NAS Corpus Christi, Texas to house rotary wing component rebuild activities. Primaryfacilities include an Aircraft Component Repair Shop (ACRS) (140,083 SF building) with open Flex Spaceto house rotary wing component rebuild and maintenance processes and space to house supervision, latrine,and miscellaneous support space; an Administrative Support Facility (65,840 SF building) to includeadministrative space and depot command headquarters; Central Energy Plant (10,260 SF building), specialfoundations, mass notification systems, fire protection, and alarm systems, Energy Monitoring and ControlSystem connection, Antiterrorism Measures, Post Construction Contract Award Services (PCAS), andBuilding Information Systems.Supporting facilities include utilities (electrical service, water, sewer, and natural gas), paving,walks, curbs and gutters, storm drainage, site improvements (to include relocation of playing fields andjogging",236210,Y1EB,,Unknown pre-award; historical award is answer key,Service / mixed,MRO tools and commercial hardware,"Corpus Christi, TX, USA","Corpus Christi, TX, USA",Unknown / direct record review required,Unknown — version history retrieval required,Unknown — archive retrieval required,Yes — embedded in official extract,https://sam.gov/workspace/contract/opp/59fc15438ff24ea9abc0c5cf72608ebc/view,null,,Not provided in extract outcome fields,Not indicated at solicitation intake,Potentially yes — direct solicitation notice,No evidence in extract; verify solicitation,Potentially yes — subject to active SAM registration and representations,Review required,Review exact product/NSN; no conflict detected,Construction / installation / repair / field service,Partial — attachments or detail retrieval required,Unknown — never infer from award amount,Not modeled before archive/requirements gate,Unclassified pending sourcing,Not modeled before supplier pricing,85,0,Strikeout,Gate 6 — product/service exclusion,NO-BID / REJECT AT INTAKE,Moderate — official extract metadata; attachments not yet reconstructed,"Extract Active flag inconsistent with 2023-2024 closed deadline; verify notice version/archive directly. No separate additional-information link in extract. Award outcome is answer key, not pre-award pricing evidence.",68987
HOS01-016,6c6487fd235f4175a50acb007e0bcc9d,N6945023R0022,https://sam.gov/workspace/contract/opp/6c6487fd235f4175a50acb007e0bcc9d/view,Solicitation,2023-06-15,2023-06-30,DEPT OF DEFENSE,DEPT OF THE NAVY,NAVFACSYSCOM SOUTHEAST,"P596 POWERTRAIN (ENGINES ASSEMBLY) FACILITY PROJECT AT CORPUS CHRISTI ARMY DEPOT (CCAD) NAVAL AIR STATION CORPUS CHRISTI, TEXAS.","DESCRIPTION OF ACQUISITION1. This acquisition will result in the award of a Firm-Fixed Price (FFP) contract for Design-Bid-Build (DBB) construction.2. The intent of the project is to construct a new Powertrain Facility (Engines Assembly) CorpusChristi Army Depot at NAS Corpus Christi, Texas to house rotary wing component rebuild activities. Primaryfacilities include an Aircraft Component Repair Shop (ACRS) (140,083 SF building) with open Flex Spaceto house rotary wing component rebuild and maintenance processes and space to house supervision, latrine,and miscellaneous support space; an Administrative Support Facility (65,840 SF building) to includeadministrative space and depot command headquarters; Central Energy Plant (10,260 SF building), specialfoundations, mass notification systems, fire protection, and alarm systems, Energy Monitoring and ControlSystem connection, Antiterrorism Measures, Post Construction Contract Award Services (PCAS), andBuilding Information Systems.Supporting facilities include utilities (electrical service, water, sewer, and natural gas), paving,walks, curbs and gutters, storm drainage, site improvements (to include relocation of playing fields andjogging",236210,Y1EB,,Unknown pre-award; historical award is answer key,Service / mixed,MRO tools and commercial hardware,"Corpus Christi, TX, USA","Corpus Christi, TX, USA",Unknown / direct record review required,Unknown — version history retrieval required,Unknown — archive retrieval required,Yes — embedded in official extract,https://sam.gov/workspace/contract/opp/6c6487fd235f4175a50acb007e0bcc9d/view,null,,Not provided in extract outcome fields,Not indicated at solicitation intake,Potentially yes — direct solicitation notice,No evidence in extract; verify solicitation,Potentially yes — subject to active SAM registration and representations,Review required,Review exact product/NSN; no conflict detected,Construction / installation / repair / field service,Partial — attachments or detail retrieval required,Unknown — never infer from award amount,Not modeled before archive/requirements gate,Unclassified pending sourcing,Not modeled before supplier pricing,85,0,Strikeout,Gate 6 — product/service exclusion,NO-BID / REJECT AT INTAKE,Moderate — official extract metadata; attachments not yet reconstructed,"Extract Active flag inconsistent with 2023-2024 closed deadline; verify notice version/archive directly. No separate additional-information link in extract. Award outcome is answer key, not pre-award pricing evidence.",68945
HOS01-017,04c4407aaf7f4bcc914c58347085b29d,N6945023R0022,https://sam.gov/workspace/contract/opp/04c4407aaf7f4bcc914c58347085b29d/view,Solicitation,2023-06-26,2023-06-30,DEPT OF DEFENSE,DEPT OF THE NAVY,NAVFACSYSCOM SOUTHEAST,"P596 POWERTRAIN (ENGINES ASSEMBLY) FACILITY PROJECT AT CORPUS CHRISTI ARMY DEPOT (CCAD) NAVAL AIR STATION CORPUS CHRISTI, TEXAS.","DESCRIPTION OF ACQUISITION1. This acquisition will result in the award of a Firm-Fixed Price (FFP) contract for Design-Bid-Build (DBB) construction.2. The intent of the project is to construct a new Powertrain Facility (Engines Assembly) CorpusChristi Army Depot at NAS Corpus Christi, Texas to house rotary wing component rebuild activities. Primaryfacilities include an Aircraft Component Repair Shop (ACRS) (140,083 SF building) with open Flex Spaceto house rotary wing component rebuild and maintenance processes and space to house supervision, latrine,and miscellaneous support space; an Administrative Support Facility (65,840 SF building) to includeadministrative space and depot command headquarters; Central Energy Plant (10,260 SF building), specialfoundations, mass notification systems, fire protection, and alarm systems, Energy Monitoring and ControlSystem connection, Antiterrorism Measures, Post Construction Contract Award Services (PCAS), andBuilding Information Systems.Supporting facilities include utilities (electrical service, water, sewer, and natural gas), paving,walks, curbs and gutters, storm drainage, site improvements (to include relocation of playing fields andjogging",236210,Y1EB,,Unknown pre-award; historical award is answer key,Service / mixed,MRO tools and commercial hardware,"Corpus Christi, TX, USA","Corpus Christi, TX, USA",Unknown / direct record review required,Unknown — version history retrieval required,Unknown — archive retrieval required,Yes — embedded in official extract,https://sam.gov/workspace/contract/opp/04c4407aaf7f4bcc914c58347085b29d/view,null,,Not provided in extract outcome fields,Not indicated at solicitation intake,Potentially yes — direct solicitation notice,No evidence in extract; verify solicitation,Potentially yes — subject to active SAM registration and representations,Review required,Review exact product/NSN; no conflict detected,Construction / installation / repair / field service,Partial — attachments or detail retrieval required,Unknown — never infer from award amount,Not modeled before archive/requirements gate,Unclassified pending sourcing,Not modeled before supplier pricing,85,0,Strikeout,Gate 6 — product/service exclusion,NO-BID / REJECT AT INTAKE,Moderate — official extract metadata; attachments not yet reconstructed,"Extract Active flag inconsistent with 2023-2024 closed deadline; verify notice version/archive directly. No separate additional-information link in extract. Award outcome is answer key, not pre-award pricing evidence.",68884
HOS01-018,209d4db27aee4e53a112080890e3f102,N6945023R0022,https://sam.gov/workspace/contract/opp/209d4db27aee4e53a112080890e3f102/view,Solicitation,2023-06-30,2023-07-14,DEPT OF DEFENSE,DEPT OF THE NAVY,NAVFACSYSCOM SOUTHEAST,"P596 POWERTRAIN (ENGINES ASSEMBLY) FACILITY PROJECT AT CORPUS CHRISTI ARMY DEPOT (CCAD) NAVAL AIR STATION CORPUS CHRISTI, TEXAS.","DESCRIPTION OF ACQUISITION1. This acquisition will result in the award of a Firm-Fixed Price (FFP) contract for Design-Bid-Build (DBB) construction.2. The intent of the project is to construct a new Powertrain Facility (Engines Assembly) CorpusChristi Army Depot at NAS Corpus Christi, Texas to house rotary wing component rebuild activities. Primaryfacilities include an Aircraft Component Repair Shop (ACRS) (140,083 SF building) with open Flex Spaceto house rotary wing component rebuild and maintenance processes and space to house supervision, latrine,and miscellaneous support space; an Administrative Support Facility (65,840 SF building) to includeadministrative space and depot command headquarters; Central Energy Plant (10,260 SF building), specialfoundations, mass notification systems, fire protection, and alarm systems, Energy Monitoring and ControlSystem connection, Antiterrorism Measures, Post Construction Contract Award Services (PCAS), andBuilding Information Systems.Supporting facilities include utilities (electrical service, water, sewer, and natural gas), paving,walks, curbs and gutters, storm drainage, site improvements (to include relocation of playing fields andjogging",236210,Y1EB,,Unknown pre-award; historical award is answer key,Service / mixed,MRO tools and commercial hardware,"Corpus Christi, TX, USA","Corpus Christi, TX, USA",Unknown / direct record review required,Unknown — version history retrieval required,Unknown — archive retrieval required,Yes — embedded in official extract,https://sam.gov/workspace/contract/opp/209d4db27aee4e53a112080890e3f102/view,null,,Not provided in extract outcome fields,Not indicated at solicitation intake,Potentially yes — direct solicitation notice,No evidence in extract; verify solicitation,Potentially yes — subject to active SAM registration and representations,Review required,Review exact product/NSN; no conflict detected,Construction / installation / repair / field service,Partial — attachments or detail retrieval required,Unknown — never infer from award amount,Not modeled before archive/requirements gate,Unclassified pending sourcing,Not modeled before supplier pricing,85,0,Strikeout,Gate 6 — product/service exclusion,NO-BID / REJECT AT INTAKE,Moderate — official extract metadata; attachments not yet reconstructed,"Extract Active flag inconsistent with 2023-2024 closed deadline; verify notice version/archive directly. No separate additional-information link in extract. Award outcome is answer key, not pre-award pricing evidence.",68845
HOS01-019,422d42dc83b14828be97ba14bd3657d9,N6945023R0022,https://sam.gov/workspace/contract/opp/422d42dc83b14828be97ba14bd3657d9/view,Solicitation,2023-06-30,2023-07-14,DEPT OF DEFENSE,DEPT OF THE NAVY,NAVFACSYSCOM SOUTHEAST,"P596 POWERTRAIN (ENGINES ASSEMBLY) FACILITY PROJECT AT CORPUS CHRISTI ARMY DEPOT (CCAD) NAVAL AIR STATION CORPUS CHRISTI, TEXAS.","DESCRIPTION OF ACQUISITION1. This acquisition will result in the award of a Firm-Fixed Price (FFP) contract for Design-Bid-Build (DBB) construction.2. The intent of the project is to construct a new Powertrain Facility (Engines Assembly) CorpusChristi Army Depot at NAS Corpus Christi, Texas to house rotary wing component rebuild activities. Primaryfacilities include an Aircraft Component Repair Shop (ACRS) (140,083 SF building) with open Flex Spaceto house rotary wing component rebuild and maintenance processes and space to house supervision, latrine,and miscellaneous support space; an Administrative Support Facility (65,840 SF building) to includeadministrative space and depot command headquarters; Central Energy Plant (10,260 SF building), specialfoundations, mass notification systems, fire protection, and alarm systems, Energy Monitoring and ControlSystem connection, Antiterrorism Measures, Post Construction Contract Award Services (PCAS), andBuilding Information Systems.Supporting facilities include utilities (electrical service, water, sewer, and natural gas), paving,walks, curbs and gutters, storm drainage, site improvements (to include relocation of playing fields andjogging",236210,Y1EB,,Unknown pre-award; historical award is answer key,Service / mixed,MRO tools and commercial hardware,"Corpus Christi, TX, USA","Corpus Christi, TX, USA",Unknown / direct record review required,Unknown — version history retrieval required,Unknown — archive retrieval required,Yes — embedded in official extract,https://sam.gov/workspace/contract/opp/422d42dc83b14828be97ba14bd3657d9/view,null,,Not provided in extract outcome fields,Not indicated at solicitation intake,Potentially yes — direct solicitation notice,No evidence in extract; verify solicitation,Potentially yes — subject to active SAM registration and representations,Review required,Review exact product/NSN; no conflict detected,Construction / installation / repair / field service,Partial — attachments or detail retrieval required,Unknown — never infer from award amount,Not modeled before archive/requirements gate,Unclassified pending sourcing,Not modeled before supplier pricing,85,0,Strikeout,Gate 6 — product/service exclusion,NO-BID / REJECT AT INTAKE,Moderate — official extract metadata; attachments not yet reconstructed,"Extract Active flag inconsistent with 2023-2024 closed deadline; verify notice version/archive directly. No separate additional-information link in extract. Award outcome is answer key, not pre-award pricing evidence.",68853
HOS01-020,abf27ce03dd345c1bf154b98fbd66c4e,N6945023R0022,https://sam.gov/workspace/contract/opp/abf27ce03dd345c1bf154b98fbd66c4e/view,Solicitation,2023-07-11,2023-07-14,DEPT OF DEFENSE,DEPT OF THE NAVY,NAVFACSYSCOM SOUTHEAST,"P596 POWERTRAIN (ENGINES ASSEMBLY) FACILITY PROJECT AT CORPUS CHRISTI ARMY DEPOT (CCAD) NAVAL AIR STATION CORPUS CHRISTI, TEXAS.","DESCRIPTION OF ACQUISITION1. This acquisition will result in the award of a Firm-Fixed Price (FFP) contract for Design-Bid-Build (DBB) construction.2. The intent of the project is to construct a new Powertrain Facility (Engines Assembly) CorpusChristi Army Depot at NAS Corpus Christi, Texas to house rotary wing component rebuild activities. Primaryfacilities include an Aircraft Component Repair Shop (ACRS) (140,083 SF building) with open Flex Spaceto house rotary wing component rebuild and maintenance processes and space to house supervision, latrine,and miscellaneous support space; an Administrative Support Facility (65,840 SF building) to includeadministrative space and depot command headquarters; Central Energy Plant (10,260 SF building), specialfoundations, mass notification systems, fire protection, and alarm systems, Energy Monitoring and ControlSystem connection, Antiterrorism Measures, Post Construction Contract Award Services (PCAS), andBuilding Information Systems.Supporting facilities include utilities (electrical service, water, sewer, and natural gas), paving,walks, curbs and gutters, storm drainage, site improvements (to include relocation of playing fields andjogging",236210,Y1EB,,Unknown pre-award; historical award is answer key,Service / mixed,MRO tools and commercial hardware,"Corpus Christi, TX, USA","Corpus Christi, TX, USA",Unknown / direct record review required,Unknown — version history retrieval required,Unknown — archive retrieval required,Yes — embedded in official extract,https://sam.gov/workspace/contract/opp/abf27ce03dd345c1bf154b98fbd66c4e/view,null,,Not provided in extract outcome fields,Not indicated at solicitation intake,Potentially yes — direct solicitation notice,No evidence in extract; verify solicitation,Potentially yes — subject to active SAM registration and representations,Review required,Review exact product/NSN; no conflict detected,Construction / installation / repair / field service,Partial — attachments or detail retrieval required,Unknown — never infer from award amount,Not modeled before archive/requirements gate,Unclassified pending sourcing,Not modeled before supplier pricing,85,0,Strikeout,Gate 6 — product/service exclusion,NO-BID / REJECT AT INTAKE,Moderate — official extract metadata; attachments not yet reconstructed,"Extract Active flag inconsistent with 2023-2024 closed deadline; verify notice version/archive directly. No separate additional-information link in extract. Award outcome is answer key, not pre-award pricing evidence.",68779
HOS01-021,d0cf276913df4243878c1d4344678a21,N6945023R0022,https://sam.gov/workspace/contract/opp/d0cf276913df4243878c1d4344678a21/view,Solicitation,2023-07-14,2023-07-28,DEPT OF DEFENSE,DEPT OF THE NAVY,NAVFACSYSCOM SOUTHEAST,"P596 POWERTRAIN (ENGINES ASSEMBLY) FACILITY PROJECT AT CORPUS CHRISTI ARMY DEPOT (CCAD) NAVAL AIR STATION CORPUS CHRISTI, TEXAS.","DESCRIPTION OF ACQUISITION1. This acquisition will result in the award of a Firm-Fixed Price (FFP) contract for Design-Bid-Build (DBB) construction.2. The intent of the project is to construct a new Powertrain Facility (Engines Assembly) CorpusChristi Army Depot at NAS Corpus Christi, Texas to house rotary wing component rebuild activities. Primaryfacilities include an Aircraft Component Repair Shop (ACRS) (140,083 SF building) with open Flex Spaceto house rotary wing component rebuild and maintenance processes and space to house supervision, latrine,and miscellaneous support space; an Administrative Support Facility (65,840 SF building) to includeadministrative space and depot command headquarters; Central Energy Plant (10,260 SF building), specialfoundations, mass notification systems, fire protection, and alarm systems, Energy Monitoring and ControlSystem connection, Antiterrorism Measures, Post Construction Contract Award Services (PCAS), andBuilding Information Systems.Supporting facilities include utilities (electrical service, water, sewer, and natural gas), paving,walks, curbs and gutters, storm drainage, site improvements (to include relocation of playing fields andjogging",236210,Y1EB,,Unknown pre-award; historical award is answer key,Service / mixed,MRO tools and commercial hardware,"Corpus Christi, TX, USA","Corpus Christi, TX, USA",Unknown / direct record review required,Unknown — version history retrieval required,Unknown — archive retrieval required,Yes — embedded in official extract,https://sam.gov/workspace/contract/opp/d0cf276913df4243878c1d4344678a21/view,null,,Not provided in extract outcome fields,Not indicated at solicitation intake,Potentially yes — direct solicitation notice,No evidence in extract; verify solicitation,Potentially yes — subject to active SAM registration and representations,Review required,Review exact product/NSN; no conflict detected,Construction / installation / repair / field service,Partial — attachments or detail retrieval required,Unknown — never infer from award amount,Not modeled before archive/requirements gate,Unclassified pending sourcing,Not modeled before supplier pricing,85,0,Strikeout,Gate 6 — product/service exclusion,NO-BID / REJECT AT INTAKE,Moderate — official extract metadata; attachments not yet reconstructed,"Extract Active flag inconsistent with 2023-2024 closed deadline; verify notice version/archive directly. No separate additional-information link in extract. Award outcome is answer key, not pre-award pricing evidence.",68756
HOS01-022,49549da4bbf748de9ade5a632321ca98,N6945023R0022,https://sam.gov/workspace/contract/opp/49549da4bbf748de9ade5a632321ca98/view,Solicitation,2023-07-27,2023-07-28,DEPT OF DEFENSE,DEPT OF THE NAVY,NAVFACSYSCOM SOUTHEAST,"P596 POWERTRAIN (ENGINES ASSEMBLY) FACILITY PROJECT AT CORPUS CHRISTI ARMY DEPOT (CCAD) NAVAL AIR STATION CORPUS CHRISTI, TEXAS.","DESCRIPTION OF ACQUISITION1. This acquisition will result in the award of a Firm-Fixed Price (FFP) contract for Design-Bid-Build (DBB) construction.2. The intent of the project is to construct a new Powertrain Facility (Engines Assembly) CorpusChristi Army Depot at NAS Corpus Christi, Texas to house rotary wing component rebuild activities. Primaryfacilities include an Aircraft Component Repair Shop (ACRS) (140,083 SF building) with open Flex Spaceto house rotary wing component rebuild and maintenance processes and space to house supervision, latrine,and miscellaneous support space; an Administrative Support Facility (65,840 SF building) to includeadministrative space and depot command headquarters; Central Energy Plant (10,260 SF building), specialfoundations, mass notification systems, fire protection, and alarm systems, Energy Monitoring and ControlSystem connection, Antiterrorism Measures, Post Construction Contract Award Services (PCAS), andBuilding Information Systems.Supporting facilities include utilities (electrical service, water, sewer, and natural gas), paving,walks, curbs and gutters, storm drainage, site improvements (to include relocation of playing fields andjogging",236210,Y1EB,,Unknown pre-award; historical award is answer key,Service / mixed,MRO tools and commercial hardware,"Corpus Christi, TX, USA","Corpus Christi, TX, USA",Unknown / direct record review required,Unknown — version history retrieval required,Unknown — archive retrieval required,Yes — embedded in official extract,https://sam.gov/workspace/contract/opp/49549da4bbf748de9ade5a632321ca98/view,null,,Not provided in extract outcome fields,Not indicated at solicitation intake,Potentially yes — direct solicitation notice,No evidence in extract; verify solicitation,Potentially yes — subject to active SAM registration and representations,Review required,Review exact product/NSN; no conflict detected,Construction / installation / repair / field service,Partial — attachments or detail retrieval required,Unknown — never infer from award amount,Not modeled before archive/requirements gate,Unclassified pending sourcing,Not modeled before supplier pricing,85,0,Strikeout,Gate 6 — product/service exclusion,NO-BID / REJECT AT INTAKE,Moderate — official extract metadata; attachments not yet reconstructed,"Extract Active flag inconsistent with 2023-2024 closed deadline; verify notice version/archive directly. No separate additional-information link in extract. Award outcome is answer key, not pre-award pricing evidence.",68647
HOS01-023,47c03dee4c47487cae052fee1077e557,N3220522R0012,https://sam.gov/workspace/contract/opp/47c03dee4c47487cae052fee1077e557/view,Solicitation,2023-08-03,2023-08-04,DEPT OF DEFENSE,DEPT OF THE NAVY,MSCHQ NORFOLK,East Coast General Ship Repair IDIQ,"The Military Sealift Command (MSC) requires a broad range of ship repair for MSC vessels including, but not limited to, pipefitting, welding, machinist work, electrical work, boiler making and repairing, and diesel mechanics. The Contractor is required to provide all labor, equipment, supplies, materials, marine repair facilities, and other items, except those specified as Government furnished, necessary to successfully perform all ship repair work on MSC vessels in accordance with resulting Delivery Orders, to include but not limited to, the Delivery Order Work Item (WI) specifications, drawings, manuals, references, and any and all other documents incorporated into the Delivery Order.",336611,J998,Total Small Business Set-Aside (FAR 19.5),Unknown pre-award; historical award is answer key,Service / mixed,MRO tools and commercial hardware,,Not recovered from extract,Unknown / direct record review required,Unknown — version history retrieval required,Unknown — archive retrieval required,Yes — embedded in official extract,https://sam.gov/workspace/contract/opp/47c03dee4c47487cae052fee1077e557/view,null,,Not provided in extract outcome fields,Not indicated at solicitation intake,Potentially yes — direct solicitation notice,No evidence in extract; verify solicitation,Potentially yes — subject to active SAM registration and representations,Review required,Review exact product/NSN; no conflict detected,Fuel / petroleum,Partial — attachments or detail retrieval required,Unknown — never infer from award amount,Not modeled before archive/requirements gate,Unclassified pending sourcing,Not modeled before supplier pricing,85,0,Strikeout,Gate 6 — product/service exclusion,NO-BID / REJECT AT INTAKE,Moderate — official extract metadata; attachments not yet reconstructed,"Extract Active flag inconsistent with 2023-2024 closed deadline; verify notice version/archive directly. No separate additional-information link in extract. Award outcome is answer key, not pre-award pricing evidence.",68572
HOS01-024,76f0f0970f234df2bdae4e94429a7011,N6134024R0013,https://sam.gov/workspace/contract/opp/76f0f0970f234df2bdae4e94429a7011/view,Solicitation,2024-03-08,2024-03-18,DEPT OF DEFENSE,DEPT OF THE NAVY,NAWC TRAINING SYSTEMS DIV,Recompete of UC-12 Platform Training Program,"Naval Air Warfare Center Training Systems Division (NAWCTSD) has a requirement to support the Navy?s Command Aircraft Crew Training (CACT) program for academic and simulator training on the Navy UC-12B/F/M nonProLine and UC-12F/M ProLine 21aircraft (a Navy configured Raytheon/Beechcraft King Air B200) and the UC-12W ProLine 21 and UC-12W ProLine Fusion aircraft (a Navy configured Raytheon/Beechcraft King Air B350). This acquisition is necessary to facilitate pilot training in the UC-12B/F/M/W Fleet. The services being acquired under this contract require use of a certified (or equivalent) Federal Aviation Administration (FAA), Level ?C? (or higher) UC12B/F/M (Beechcraft King Air B200 non-Proline) flight simulator and certified FAA Level ?D? (or higher) UC-12F/M (Beechcraft King Air B200) Proline 21 and UC-12W (Beechcraft King Air B350) (Proline 21 and Proline Fusion flight simulators. For UC-12B/F/M (non-Pro Line) flight simulator whose performance capabilities minimally meets all training and flight requirements defined in 14 CFR Part 142 and 61 and the applicable UC-12 NATOPS manuals. The simulator(s) shall minimally meet FAA Level ?C? or higher certification requirements under c",611512,U099,,Unknown pre-award; historical award is answer key,Service / mixed,MRO tools and commercial hardware,"Orlando, FL, 32826, USA","Orlando, FL, 32826, USA",Unknown / direct record review required,Unknown — version history retrieval required,Unknown — archive retrieval required,Yes — embedded in official extract,https://sam.gov/workspace/contract/opp/76f0f0970f234df2bdae4e94429a7011/view,null,,Not provided in extract outcome fields,Not indicated at solicitation intake,Potentially yes — direct solicitation notice,No evidence in extract; verify solicitation,Potentially yes — subject to active SAM registration and representations,Review required,Review exact product/NSN; no conflict detected,Rental / lease,Partial — attachments or detail retrieval required,Unknown — never infer from award amount,Not modeled before archive/requirements gate,Unclassified pending sourcing,Not modeled before supplier pricing,85,0,Strikeout,Gate 6 — product/service exclusion,NO-BID / REJECT AT INTAKE,Moderate — official extract metadata; attachments not yet reconstructed,"Extract Active flag inconsistent with 2023-2024 closed deadline; verify notice version/archive directly. No separate additional-information link in extract. Award outcome is answer key, not pre-award pricing evidence.",67061
HOS01-025,1328daaf81a347b688ab419642bc2a32,HDTRA124S0001,https://sam.gov/workspace/contract/opp/1328daaf81a347b688ab419642bc2a32/view,Solicitation,2024-04-18,2024-12-31,DEPT OF DEFENSE,DEFENSE THREAT REDUCTION AGENCY (DTRA),DEFENSE THREAT REDUCTION AGENCY,Mentor Protege Program (MPP) Broad Agency Announcement (BAA),"The Defense Threat Reduction Agency (DTRA) has a requirement for the Mentor Prot�g� Program (MPP) Broad Agency Announcement (BAA) to solicit eligible mentor and prot�g� firms for participation in the Department of Defense (DoD) MPP in accordance with Defense Federal Acquisition Regulation Supplement (DFARS) 219.71, (DFARS) 219.71 and DFARS Appendix I (as amended by 10 U.S.C. 4902 effective December 21, 2023) through this Broad Agency Announcement (BAA). This announcement will be posted for twelve months so white papers may be submitted at any time. This is a Two-Step Open BAA issued under the provisions of FAR 6.102(d)(2), which provides for the competitive selection of proposals. The following information is relative to Step-One, submission of white papers. DTRA will contact those offerors whose white papers are selected to proceed to Step-Two, submission of a formal proposal which is subject to availability of program funds. Formal proposals are not being accepted at this time. DO NOT submit a formal proposal until requested by DTRA�s Contracting Office. Evaluation of these white papers will occur throughout this time period. After evaluations, Mentor Firms whose, white papers ar",541611,R799,,Unknown pre-award; historical award is answer key,Product,Office and facility consumables,,Not recovered from extract,Unknown / direct record review required,Unknown — version history retrieval required,Unknown — archive retrieval required,Yes — embedded in official extract,https://sam.gov/workspace/contract/opp/1328daaf81a347b688ab419642bc2a32/view,null,,Not provided in extract outcome fields,Not indicated at solicitation intake,Potentially yes — direct solicitation notice,No evidence in extract; verify solicitation,Potentially yes — subject to active SAM registration and representations,Review required,Review exact product/NSN; no conflict detected,Pass / no automatic exclusion detected,Partial — attachments or detail retrieval required,Unknown — never infer from award amount,Not modeled before archive/requirements gate,Unclassified pending sourcing,Not modeled before supplier pricing,85,70,Double,Passes preliminary metadata gates — archive review required,REVIEW,Moderate — official extract metadata; attachments not yet reconstructed,"Extract Active flag inconsistent with 2023-2024 closed deadline; verify notice version/archive directly. No separate additional-information link in extract. Award outcome is answer key, not pre-award pricing evidence.",66735
HOS01-026,cf692f3614524f3e9c5f197214247552,W912P624B0007,https://sam.gov/workspace/contract/opp/cf692f3614524f3e9c5f197214247552/view,Solicitation,2024-05-01,2024-05-31,DEPT OF DEFENSE,DEPT OF THE ARMY,W072 ENDIST CHICAGO,"Solicitation W912P624B0007 GARY AIRPORT SANITARY SEWER IMPROVEMENTS - SECTION 219, GARY, LAKE COUNTY, INDIANA (USACE ACQUISITION)","Under this Solicitation, the United States Army Corps of Engineers - Chicago District issues Solicitation No. W912P624B0007 for bidding purposes. Therefore, provided hereunder is the relevant bid package for its construction project entitled, Gary Airport Sanitary Sewer Improvements - Section 219, Gary, Lake County, Indiana (USACE Acquisition). PROJECT INFORMATION: The project work involves the construction of the installation of approximately 2,200 linear feet (LF) of an 8-inch gravity sewer that would flow to a proposed lift station located along Chicago Avenue on airport-owned property. This work would also include the installation of approximately 600 LF of 1.25-inch pressure sewer from the proposed lift station to the existing 10-inch force main located along Airport Road. CONTRACTING OFFICE: USACE Chicago District, 231 SOUTH LaSALLE STREET, SUITE 1500, Chicago, IL 60604ACQUISITION INFORMATION: Competition for this acquisition is RESERVED EXCLUSIVELY for Small Business Concerns. The North American Industry System Classification Code is 237110, with a small business size standard in dollars of $45.0 Million. The magnitude of cost for construction is estimated between $1,000,000",237110,Y1PZ,,Unknown pre-award; historical award is answer key,Service / mixed,MRO tools and commercial hardware,,Not recovered from extract,Unknown / direct record review required,Unknown — version history retrieval required,Unknown — archive retrieval required,Yes — embedded in official extract,https://sam.gov/workspace/contract/opp/cf692f3614524f3e9c5f197214247552/view,null,,Not provided in extract outcome fields,Not indicated at solicitation intake,Potentially yes — direct solicitation notice,No evidence in extract; verify solicitation,Potentially yes — subject to active SAM registration and representations,Review required,Review exact product/NSN; no conflict detected,Construction / installation / repair / field service,Likely complete enough for archive review,Unknown — never infer from award amount,Not modeled before archive/requirements gate,Unclassified pending sourcing,Not modeled before supplier pricing,85,0,Strikeout,Gate 6 — product/service exclusion,NO-BID / REJECT AT INTAKE,Moderate — official extract metadata; attachments not yet reconstructed,"Extract Active flag inconsistent with 2023-2024 closed deadline; verify notice version/archive directly. No separate additional-information link in extract. Award outcome is answer key, not pre-award pricing evidence.",66627
HOS01-027,abf5795c6a4d4413bbd02229688a5ea1,W912P624B0008,https://sam.gov/workspace/contract/opp/abf5795c6a4d4413bbd02229688a5ea1/view,Solicitation,2024-05-02,2024-06-04,DEPT OF DEFENSE,DEPT OF THE ARMY,W072 ENDIST CHICAGO,"Solicitation W912P624B0008 Village of Glenwood Stormwater Improvements, Glenwood, Cook County, Illinois (USACE Acquisition)","Under this Solicitation Notice, the United States Army Corps of Engineers - Chicago District issues Solicitation No. W912P624B0008 for bidding purposes. Therefore, provided hereunder is the relevant bid package for its construction project entitled, Village of Glenwood Stormwater Improvements, Glenwood, Cook County, Illinois (USACE Acquisition).PROJECT INFORMATION: The project work involves the construction of additional infrastructure to support the redevelopment and development of the Halsted Street Corridor. This project will provide infrastructure for the south half of the plaza at Halsted Street between 183rd Street and Streiff Lane. It will also provide a regional stormwater detention pond serving existing and proposed developments. CONTRACTING OFFICE: USACE Chicago District, 231 SOUTH LaSALLE STREET, SUITE 1500, Chicago, IL 60604. ACQUISITION INFORMATION: Competition for this acquisition is RESERVED EXCLUSIVELY for Small Business Concerns. The North American Industry System Classification Code is 237110, with a small business size standard in dollars of $45.0 Million. The magnitude of cost for construction is estimated between $1,000,000.00 and $5,000,000.00.The Solicitation",237110,Y1PZ,Total Small Business Set-Aside (FAR 19.5),Unknown pre-award; historical award is answer key,Service / mixed,MRO tools and commercial hardware,,Not recovered from extract,Unknown / direct record review required,Unknown — version history retrieval required,Unknown — archive retrieval required,Yes — embedded in official extract,https://sam.gov/workspace/contract/opp/abf5795c6a4d4413bbd02229688a5ea1/view,null,,Not provided in extract outcome fields,Not indicated at solicitation intake,Potentially yes — direct solicitation notice,No evidence in extract; verify solicitation,Potentially yes — subject to active SAM registration and representations,Review required,Review exact product/NSN; no conflict detected,Construction / installation / repair / field service,Likely complete enough for archive review,Unknown — never infer from award amount,Not modeled before archive/requirements gate,Unclassified pending sourcing,Not modeled before supplier pricing,85,0,Strikeout,Gate 6 — product/service exclusion,NO-BID / REJECT AT INTAKE,Moderate — official extract metadata; attachments not yet reconstructed,"Extract Active flag inconsistent with 2023-2024 closed deadline; verify notice version/archive directly. No separate additional-information link in extract. Award outcome is answer key, not pre-award pricing evidence.",66612
HOS01-028,90ac290b1a614b649cabc159c742e6ef,W912P624B0007,https://sam.gov/workspace/contract/opp/90ac290b1a614b649cabc159c742e6ef/view,Solicitation,2024-05-13,2024-05-31,DEPT OF DEFENSE,DEPT OF THE ARMY,W072 ENDIST CHICAGO,"Solicitation W912P624B0007 GARY AIRPORT SANITARY SEWER IMPROVEMENTS - SECTION 219, GARY, LAKE COUNTY, INDIANA (USACE ACQUISITION)","EFFECTIVE MAY 13, 2024: The government has posted Amendment No. 0001 hereunder this Notice (please refer to the Attachments Section).*** Under this Solicitation, the United States Army Corps of Engineers - Chicago District issues Solicitation No. W912P624B0007 for bidding purposes. Therefore, provided hereunder is the relevant bid package for its construction project entitled, Gary Airport Sanitary Sewer Improvements - Section 219, Gary, Lake County, Indiana (USACE Acquisition). PROJECT INFORMATION: The project work involves the construction of the installation of approximately 2,200 linear feet (LF) of an 8-inch gravity sewer that would flow to a proposed lift station located along Chicago Avenue on airport-owned property. This work would also include the installation of approximately 600 LF of 1.25-inch pressure sewer from the proposed lift station to the existing 10-inch force main located along Airport Road. CONTRACTING OFFICE: USACE Chicago District, 231 SOUTH LaSALLE STREET, SUITE 1500, Chicago, IL 60604ACQUISITION INFORMATION: Competition for this acquisition is RESERVED EXCLUSIVELY for Small Business Concerns. The North American Industry System Classification Code is 237110",237110,Y1PZ,,Unknown pre-award; historical award is answer key,Service / mixed,MRO tools and commercial hardware,,Not recovered from extract,Unknown / direct record review required,Unknown — version history retrieval required,Unknown — archive retrieval required,Yes — embedded in official extract,https://sam.gov/workspace/contract/opp/90ac290b1a614b649cabc159c742e6ef/view,null,,Not provided in extract outcome fields,Not indicated at solicitation intake,Potentially yes — direct solicitation notice,No evidence in extract; verify solicitation,Potentially yes — subject to active SAM registration and representations,Review required,Review exact product/NSN; no conflict detected,Construction / installation / repair / field service,Likely complete enough for archive review,Unknown — never infer from award amount,Not modeled before archive/requirements gate,Unclassified pending sourcing,Not modeled before supplier pricing,85,0,Strikeout,Gate 6 — product/service exclusion,NO-BID / REJECT AT INTAKE,Moderate — official extract metadata; attachments not yet reconstructed,"Extract Active flag inconsistent with 2023-2024 closed deadline; verify notice version/archive directly. No separate additional-information link in extract. Award outcome is answer key, not pre-award pricing evidence.",66528
HOS01-029,5697137ca4694843a515ab72cadf781d,W912P624Q0024,https://sam.gov/workspace/contract/opp/5697137ca4694843a515ab72cadf781d/view,Combined Synopsis/Solicitation,2024-05-14,2024-05-28,DEPT OF DEFENSE,DEPT OF THE ARMY,W072 ENDIST CHICAGO,UNDER BRIDGE INSPECTION ACCESS EQUIPMENT RENTAL,"This is a combined Synopsis/Solicitation Notice for commercial items issued pursuant to FAR Subpart 12. Under this notice, the U.S. Army Corps of Engineers, Chicago District (USACE) is issuing a Request for Quotations (RFQ) for: UNDER BRIDGE INSPECTION ACCESS EQUIPMENT RENTAL; LOCKPORT LOCK BRIDGE INSPECTION, LOCKPORT, WILL COUNTY, ILLINOIS, AND J EDWARD ROUSH LAKE BRIDGE INSPECTION, HUNTINGTON, HUNTINGTON COUNTY, INDIANA. Competition for this acquisition is RESTRICTED TO SMALL BUSINESSES. AN OFFEROR MUST HAVE AN ACTIVE REGISTRATION IN THE SYSTEM FORAWARD MANAGEMENT WHEN PLACING AN OFFER/QUOTATION PACKAGE FORTHIS ACQUISITION. REGISTRATION CAN BE COMPLETED FREE OF CHARGE ATwww.sam.gov. The applicable Size Standard is North American Industry Classification System (NAICS) Code 532490 with a Small Business size standard of $40.0 Million. SUBMITTAL DUE DATE AND TIME: The Contractor submittal packages must be received by the USACE Chicago District Office no later than 3:30 p.m. (Central Time) on May 28, 2024. Please reference the subject solicitation number on all correspondence. IMPORTANT NOTE: IN THE CASE OF A DISCREPANCY BETWEEN THE DATES PUBLISHED IN THIS NOTICE AND THOSE CALLED OUT ",532490,W038,,Unknown pre-award; historical award is answer key,Service / mixed,MRO tools and commercial hardware,,Not recovered from extract,Unknown / direct record review required,Unknown — version history retrieval required,Unknown — archive retrieval required,Yes — embedded in official extract,https://sam.gov/workspace/contract/opp/5697137ca4694843a515ab72cadf781d/view,null,,Not provided in extract outcome fields,Not indicated at solicitation intake,Potentially yes — direct solicitation notice,No evidence in extract; verify solicitation,Potentially yes — subject to active SAM registration and representations,Review required,Review exact product/NSN; no conflict detected,Rental / lease,Partial — attachments or detail retrieval required,Unknown — never infer from award amount,Not modeled before archive/requirements gate,Unclassified pending sourcing,Not modeled before supplier pricing,85,0,Strikeout,Gate 6 — product/service exclusion,NO-BID / REJECT AT INTAKE,Moderate — official extract metadata; attachments not yet reconstructed,"Extract Active flag inconsistent with 2023-2024 closed deadline; verify notice version/archive directly. No separate additional-information link in extract. Award outcome is answer key, not pre-award pricing evidence.",66516
HOS01-030,9ad1f3dc4cf84bcc9d3230e26aea7e55,W912P624Q0025,https://sam.gov/workspace/contract/opp/9ad1f3dc4cf84bcc9d3230e26aea7e55/view,Combined Synopsis/Solicitation,2024-05-15,2024-05-29,DEPT OF DEFENSE,DEPT OF THE ARMY,W072 ENDIST CHICAGO,UNDER BRIDGE INSPECTION ACCESS EQUIPMENT RENTAL,"This is a combined Synopsis/Solicitation Notice for commercial items issued pursuant to FAR Subpart 12. Under this notice, the U.S. Army Corps of Engineers, Chicago District (USACE) is issuing a Request for Quotations (RFQ) for: UNDER BRIDGE INSPECTION ACCESS EQUIPMENT RENTAL; SALAMONIE DAM TOWER BRIDGE INSPECTION, LAGRO, WABASH COUNTY, ILLINOIS, AND MISSISSINEWA DAM TOWER BRIDGE INSPECTION, PERU, MIAMI COUNTY, INDIANA. Competition for this acquisition is RESTRICTED TO SMALL BUSINESSES. AN OFFEROR MUST HAVE AN ACTIVE REGISTRATION IN THE SYSTEM FORAWARD MANAGEMENT WHEN PLACING AN OFFER/QUOTATION PACKAGE FORTHIS ACQUISITION. REGISTRATION CAN BE COMPLETED FREE OF CHARGE ATwww.sam.gov. The applicable Size Standard is North American Industry Classification System (NAICS) Code 532490 with a Small Business size standard of $40.0 Million. SUBMITTAL DUE DATE AND TIME: The Contractor submittal packages must be received by the USACE Chicago District Office no later than 3:30 p.m. (Central Time) on May 29, 2024. Please reference the subject solicitation number on all correspondence. IMPORTANT NOTE: IN THE CASE OF A DISCREPANCY BETWEEN THE DATES PUBLISHED IN THIS NOTICE AND THOSE CALLED OUT IN ",532490,W038,,Unknown pre-award; historical award is answer key,Service / mixed,MRO tools and commercial hardware,,Not recovered from extract,Unknown / direct record review required,Unknown — version history retrieval required,Unknown — archive retrieval required,Yes — embedded in official extract,https://sam.gov/workspace/contract/opp/9ad1f3dc4cf84bcc9d3230e26aea7e55/view,null,,Not provided in extract outcome fields,Not indicated at solicitation intake,Potentially yes — direct solicitation notice,No evidence in extract; verify solicitation,Potentially yes — subject to active SAM registration and representations,Review required,Review exact product/NSN; no conflict detected,Rental / lease,Partial — attachments or detail retrieval required,Unknown — never infer from award amount,Not modeled before archive/requirements gate,Unclassified pending sourcing,Not modeled before supplier pricing,85,0,Strikeout,Gate 6 — product/service exclusion,NO-BID / REJECT AT INTAKE,Moderate — official extract metadata; attachments not yet reconstructed,"Extract Active flag inconsistent with 2023-2024 closed deadline; verify notice version/archive directly. No separate additional-information link in extract. Award outcome is answer key, not pre-award pricing evidence.",66507
HOS01-031,4e2b2dc7c6d74be2ba8e3193001251f5,W912P624B0007,https://sam.gov/workspace/contract/opp/4e2b2dc7c6d74be2ba8e3193001251f5/view,Solicitation,2024-05-23,2024-05-31,DEPT OF DEFENSE,DEPT OF THE ARMY,W072 ENDIST CHICAGO,"Solicitation W912P624B0007 GARY AIRPORT SANITARY SEWER IMPROVEMENTS - SECTION 219, GARY, LAKE COUNTY, INDIANA (USACE ACQUISITION)","EFFECTIVE MAY 23, 2024: The government has attached the attendance sheet from the Pre-Bid Meeting held on May 22, 2024 (please refer to the ""Attachments"" Section of this Notice). *************************************************************************************************************************************************** EFFECTIVE MAY 13, 2024: The government has posted Amendment No. 0001 hereunder this Notice (please refer to the Attachments Section).*** Under this Solicitation, the United States Army Corps of Engineers - Chicago District issues Solicitation No. W912P624B0007 for bidding purposes. Therefore, provided hereunder is the relevant bid package for its construction project entitled, Gary Airport Sanitary Sewer Improvements - Section 219, Gary, Lake County, Indiana (USACE Acquisition). PROJECT INFORMATION: The project work involves the construction of the installation of approximately 2,200 linear feet (LF) of an 8-inch gravity sewer that would flow to a proposed lift station located along Chicago Avenue on airport-owned property. This work would also include the installation of approximately 600 LF of 1.25-inch pressure sewer from the proposed lift station to the exi",237110,Y1PZ,Total Small Business Set-Aside (FAR 19.5),Unknown pre-award; historical award is answer key,Service / mixed,MRO tools and commercial hardware,"Gary, IN, USA","Gary, IN, USA",Unknown / direct record review required,Unknown — version history retrieval required,Unknown — archive retrieval required,Yes — embedded in official extract,https://sam.gov/workspace/contract/opp/4e2b2dc7c6d74be2ba8e3193001251f5/view,null,,Not provided in extract outcome fields,Not indicated at solicitation intake,Potentially yes — direct solicitation notice,No evidence in extract; verify solicitation,Potentially yes — subject to active SAM registration and representations,Review required,Review exact product/NSN; no conflict detected,Construction / installation / repair / field service,Likely complete enough for archive review,Unknown — never infer from award amount,Not modeled before archive/requirements gate,Unclassified pending sourcing,Not modeled before supplier pricing,85,0,Strikeout,Gate 6 — product/service exclusion,NO-BID / REJECT AT INTAKE,Moderate — official extract metadata; attachments not yet reconstructed,"Extract Active flag inconsistent with 2023-2024 closed deadline; verify notice version/archive directly. No separate additional-information link in extract. Award outcome is answer key, not pre-award pricing evidence.",66449
HOS01-032,59385726cc5b48e6beba8982c4bd0993,W912P624B0007,https://sam.gov/workspace/contract/opp/59385726cc5b48e6beba8982c4bd0993/view,Solicitation,2024-05-23,2024-05-31,DEPT OF DEFENSE,DEPT OF THE ARMY,W072 ENDIST CHICAGO,"Solicitation W912P624B0007 GARY AIRPORT SANITARY SEWER IMPROVEMENTS - SECTION 219, GARY, LAKE COUNTY, INDIANA (USACE ACQUISITION)","EFFECTIVE MAY 23, 2024: The government has attached the attendance sheet from the Pre-Bid Meeting held on May 22, 2024 (please refer to the ""Attachments"" Section of this Notice). *************************************************************************************************************************************************** EFFECTIVE MAY 13, 2024: The government has posted Amendment No. 0001 hereunder this Notice (please refer to the Attachments Section).*** Under this Solicitation, the United States Army Corps of Engineers - Chicago District issues Solicitation No. W912P624B0007 for bidding purposes. Therefore, provided hereunder is the relevant bid package for its construction project entitled, Gary Airport Sanitary Sewer Improvements - Section 219, Gary, Lake County, Indiana (USACE Acquisition). PROJECT INFORMATION: The project work involves the construction of the installation of approximately 2,200 linear feet (LF) of an 8-inch gravity sewer that would flow to a proposed lift station located along Chicago Avenue on airport-owned property. This work would also include the installation of approximately 600 LF of 1.25-inch pressure sewer from the proposed lift station to the exi",237110,Y1PZ,,Unknown pre-award; historical award is answer key,Service / mixed,MRO tools and commercial hardware,,Not recovered from extract,Unknown / direct record review required,Unknown — version history retrieval required,Unknown — archive retrieval required,Yes — embedded in official extract,https://sam.gov/workspace/contract/opp/59385726cc5b48e6beba8982c4bd0993/view,null,,Not provided in extract outcome fields,Not indicated at solicitation intake,Potentially yes — direct solicitation notice,No evidence in extract; verify solicitation,Potentially yes — subject to active SAM registration and representations,Review required,Review exact product/NSN; no conflict detected,Construction / installation / repair / field service,Likely complete enough for archive review,Unknown — never infer from award amount,Not modeled before archive/requirements gate,Unclassified pending sourcing,Not modeled before supplier pricing,85,0,Strikeout,Gate 6 — product/service exclusion,NO-BID / REJECT AT INTAKE,Moderate — official extract metadata; attachments not yet reconstructed,"Extract Active flag inconsistent with 2023-2024 closed deadline; verify notice version/archive directly. No separate additional-information link in extract. Award outcome is answer key, not pre-award pricing evidence.",66450
HOS01-033,029fcd0cd8fc4522adb6ac5b0990e9dd,W912P624B0008,https://sam.gov/workspace/contract/opp/029fcd0cd8fc4522adb6ac5b0990e9dd/view,Solicitation,2024-05-28,2024-06-04,DEPT OF DEFENSE,DEPT OF THE ARMY,W072 ENDIST CHICAGO,"Solicitation W912P624B0008 Village of Glenwood Stormwater Improvements, Glenwood, Cook County, Illinois (USACE Acquisition)","EFFECTIVE MAY 28, 2024: The government has attached the attendance sheet from the Pre-Bid Meeting held on May 21, 2024 (please refer to the ""Attachments"" Section of this Notice). *************************************************************************************************************************************************** Under this Solicitation Notice, the United States Army Corps of Engineers - Chicago District issues Solicitation No. W912P624B0008 for bidding purposes. Therefore, provided hereunder is the relevant bid package for its construction project entitled, Village of Glenwood Stormwater Improvements, Glenwood, Cook County, Illinois (USACE Acquisition).PROJECT INFORMATION: The project work involves the construction of additional infrastructure to support the redevelopment and development of the Halsted Street Corridor. This project will provide infrastructure for the south half of the plaza at Halsted Street between 183rd Street and Streiff Lane. It will also provide a regional stormwater detention pond serving existing and proposed developments. CONTRACTING OFFICE: USACE Chicago District, 231 SOUTH LaSALLE STREET, SUITE 1500, Chicago, IL 60604. ACQUISITION INFORMATION",237110,Y1PZ,Total Small Business Set-Aside (FAR 19.5),Unknown pre-award; historical award is answer key,Service / mixed,MRO tools and commercial hardware,,Not recovered from extract,Unknown / direct record review required,Unknown — version history retrieval required,Unknown — archive retrieval required,Yes — embedded in official extract,https://sam.gov/workspace/contract/opp/029fcd0cd8fc4522adb6ac5b0990e9dd/view,null,,Not provided in extract outcome fields,Not indicated at solicitation intake,Potentially yes — direct solicitation notice,No evidence in extract; verify solicitation,Potentially yes — subject to active SAM registration and representations,Review required,Review exact product/NSN; no conflict detected,Construction / installation / repair / field service,Likely complete enough for archive review,Unknown — never infer from award amount,Not modeled before archive/requirements gate,Unclassified pending sourcing,Not modeled before supplier pricing,85,0,Strikeout,Gate 6 — product/service exclusion,NO-BID / REJECT AT INTAKE,Moderate — official extract metadata; attachments not yet reconstructed,"Extract Active flag inconsistent with 2023-2024 closed deadline; verify notice version/archive directly. No separate additional-information link in extract. Award outcome is answer key, not pre-award pricing evidence.",66423
HOS01-034,4ef5ad3d1eb049ad9d93fe98d6fa2022,W912P624Q0024,https://sam.gov/workspace/contract/opp/4ef5ad3d1eb049ad9d93fe98d6fa2022/view,Combined Synopsis/Solicitation,2024-05-28,2024-05-28,DEPT OF DEFENSE,DEPT OF THE ARMY,W072 ENDIST CHICAGO,UNDER BRIDGE INSPECTION ACCESS EQUIPMENT RENTAL,"The time in PIEE and SAM are corrected to match the time in the solicitation form. This is a combined Synopsis/Solicitation Notice for commercial items issued pursuant to FAR Subpart 12. Under this notice, the U.S. Army Corps of Engineers, Chicago District (USACE) is issuing a Request for Quotations (RFQ) for: UNDER BRIDGE INSPECTION ACCESS EQUIPMENT RENTAL; LOCKPORT LOCK BRIDGE INSPECTION, LOCKPORT, WILL COUNTY, ILLINOIS, AND J EDWARD ROUSH LAKE BRIDGE INSPECTION, HUNTINGTON, HUNTINGTON COUNTY, INDIANA. Competition for this acquisition is RESTRICTED TO SMALL BUSINESSES. AN OFFEROR MUST HAVE AN ACTIVE REGISTRATION IN THE SYSTEM FORAWARD MANAGEMENT WHEN PLACING AN OFFER/QUOTATION PACKAGE FORTHIS ACQUISITION. REGISTRATION CAN BE COMPLETED FREE OF CHARGE ATwww.sam.gov. The applicable Size Standard is North American Industry Classification System (NAICS) Code 532490 with a Small Business size standard of $40.0 Million. SUBMITTAL DUE DATE AND TIME: The Contractor submittal packages must be received by the USACE Chicago District Office no later than 3:30 p.m. (Central Time) on May 28, 2024. Please reference the subject solicitation number on all correspondence. IMPORTANT NOTE: IN THE CAS",532490,W038,,Unknown pre-award; historical award is answer key,Service / mixed,MRO tools and commercial hardware,,Not recovered from extract,Unknown / direct record review required,Unknown — version history retrieval required,Unknown — archive retrieval required,Yes — embedded in official extract,https://sam.gov/workspace/contract/opp/4ef5ad3d1eb049ad9d93fe98d6fa2022/view,null,,Not provided in extract outcome fields,Not indicated at solicitation intake,Potentially yes — direct solicitation notice,No evidence in extract; verify solicitation,Potentially yes — subject to active SAM registration and representations,Review required,Review exact product/NSN; no conflict detected,Rental / lease,Partial — attachments or detail retrieval required,Unknown — never infer from award amount,Not modeled before archive/requirements gate,Unclassified pending sourcing,Not modeled before supplier pricing,85,0,Strikeout,Gate 6 — product/service exclusion,NO-BID / REJECT AT INTAKE,Moderate — official extract metadata; attachments not yet reconstructed,"Extract Active flag inconsistent with 2023-2024 closed deadline; verify notice version/archive directly. No separate additional-information link in extract. Award outcome is answer key, not pre-award pricing evidence.",66425
HOS01-035,826efdeed7c04c1c9836ff204803967f,W912P624Q0025,https://sam.gov/workspace/contract/opp/826efdeed7c04c1c9836ff204803967f/view,Combined Synopsis/Solicitation,2024-05-28,2024-05-29,DEPT OF DEFENSE,DEPT OF THE ARMY,W072 ENDIST CHICAGO,UNDER BRIDGE INSPECTION ACCESS EQUIPMENT RENTAL,"The time in PIEE and SAM are corrected to match the time in the solicitation form. This is a combined Synopsis/Solicitation Notice for commercial items issued pursuant to FAR Subpart 12. Under this notice, the U.S. Army Corps of Engineers, Chicago District (USACE) is issuing a Request for Quotations (RFQ) for: UNDER BRIDGE INSPECTION ACCESS EQUIPMENT RENTAL; SALAMONIE DAM TOWER BRIDGE INSPECTION, LAGRO, WABASH COUNTY, ILLINOIS, AND MISSISSINEWA DAM TOWER BRIDGE INSPECTION, PERU, MIAMI COUNTY, INDIANA. Competition for this acquisition is RESTRICTED TO SMALL BUSINESSES. AN OFFEROR MUST HAVE AN ACTIVE REGISTRATION IN THE SYSTEM FORAWARD MANAGEMENT WHEN PLACING AN OFFER/QUOTATION PACKAGE FORTHIS ACQUISITION. REGISTRATION CAN BE COMPLETED FREE OF CHARGE ATwww.sam.gov. The applicable Size Standard is North American Industry Classification System (NAICS) Code 532490 with a Small Business size standard of $40.0 Million. SUBMITTAL DUE DATE AND TIME: The Contractor submittal packages must be received by the USACE Chicago District Office no later than 3:30 p.m. (Central Time) on May 29, 2024. Please reference the subject solicitation number on all correspondence. IMPORTANT NOTE: IN THE CASE O",532490,W038,,Unknown pre-award; historical award is answer key,Service / mixed,MRO tools and commercial hardware,,Not recovered from extract,Unknown / direct record review required,Unknown — version history retrieval required,Unknown — archive retrieval required,Yes — embedded in official extract,https://sam.gov/workspace/contract/opp/826efdeed7c04c1c9836ff204803967f/view,null,,Not provided in extract outcome fields,Not indicated at solicitation intake,Potentially yes — direct solicitation notice,No evidence in extract; verify solicitation,Potentially yes — subject to active SAM registration and representations,Review required,Review exact product/NSN; no conflict detected,Rental / lease,Partial — attachments or detail retrieval required,Unknown — never infer from award amount,Not modeled before archive/requirements gate,Unclassified pending sourcing,Not modeled before supplier pricing,85,0,Strikeout,Gate 6 — product/service exclusion,NO-BID / REJECT AT INTAKE,Moderate — official extract metadata; attachments not yet reconstructed,"Extract Active flag inconsistent with 2023-2024 closed deadline; verify notice version/archive directly. No separate additional-information link in extract. Award outcome is answer key, not pre-award pricing evidence.",66424
HOS01-036,cf879f432dae4828a4249f126f6dca50,W912P624B0007,https://sam.gov/workspace/contract/opp/cf879f432dae4828a4249f126f6dca50/view,Solicitation,2024-05-28,2024-05-31,DEPT OF DEFENSE,DEPT OF THE ARMY,W072 ENDIST CHICAGO,"Solicitation W912P624B0007 GARY AIRPORT SANITARY SEWER IMPROVEMENTS - SECTION 219, GARY, LAKE COUNTY, INDIANA (USACE ACQUISITION)","VIRTUAL BID OPENING INFORMATION: THE VIRTUAL BID OPENING WILL BE CONDUCTED ON MAY 31, 2024 AT 2:00 P.M. (CENTRAL TIME). AT THE DESIGNATED DAY AND TIME, PLEASE JOIN BY: MEETING LINK: https://usace1.webex.com/usace1/j.php?MTID=m58412351cc02d87e7eef80328270c9d9 Meeting number (access code): 2825 703 3158 Meeting password: QpbVMRQ@433 OR, JOIN BY PHONE: 1-844-800-2712 US Toll Free 1-669-234-1177 US Toll Access code: 2825 703 3158 Conf ID: press the # sign *************************************************************************************************************************************************** EFFECTIVE MAY 23, 2024: The government has attached the attendance sheet from the Pre-Bid Meeting held on May 22, 2024 (please refer to the ""Attachments"" Section of this Notice). *************************************************************************************************************************************************** EFFECTIVE MAY 13, 2024: The government has posted Amendment No. 0001 hereunder this Notice (please refer to the Attachments Section).*** Under this Solicitation, the United States Army Corps of Engineers - Chicago District issues Solicitation No. W912P624B0007 for bidd",237110,Y1PZ,Total Small Business Set-Aside (FAR 19.5),Unknown pre-award; historical award is answer key,Service / mixed,MRO tools and commercial hardware,"Gary, IN, USA","Gary, IN, USA",Unknown / direct record review required,Unknown — version history retrieval required,Unknown — archive retrieval required,Yes — embedded in official extract,https://sam.gov/workspace/contract/opp/cf879f432dae4828a4249f126f6dca50/view,null,,Not provided in extract outcome fields,Not indicated at solicitation intake,Potentially yes — direct solicitation notice,No evidence in extract; verify solicitation,Potentially yes — subject to active SAM registration and representations,Review required,Review exact product/NSN; no conflict detected,Construction / installation / repair / field service,Likely complete enough for archive review,Unknown — never infer from award amount,Not modeled before archive/requirements gate,Unclassified pending sourcing,Not modeled before supplier pricing,85,0,Strikeout,Gate 6 — product/service exclusion,NO-BID / REJECT AT INTAKE,Moderate — official extract metadata; attachments not yet reconstructed,"Extract Active flag inconsistent with 2023-2024 closed deadline; verify notice version/archive directly. No separate additional-information link in extract. Award outcome is answer key, not pre-award pricing evidence.",66421
HOS01-037,3b3c3d91381b4a1cb204fd1819054bb0,W912P624Q0025,https://sam.gov/workspace/contract/opp/3b3c3d91381b4a1cb204fd1819054bb0/view,Combined Synopsis/Solicitation,2024-05-29,2024-05-30,DEPT OF DEFENSE,DEPT OF THE ARMY,W072 ENDIST CHICAGO,UNDER BRIDGE INSPECTION ACCESS EQUIPMENT RENTAL,"EFFECTIVE MAY 29, 2024: The government has posted Amendment No. 0001 hereunder this Notice (please refer to the Attachments Section).**************************************************************************************************************************************************************************************************************************************************************************************************************************The time in PIEE and SAM are corrected to match the time in the solicitation form. This is a combined Synopsis/Solicitation Notice for commercial items issued pursuant to FAR Subpart 12. Under this notice, the U.S. Army Corps of Engineers, Chicago District (USACE) is issuing a Request for Quotations (RFQ) for: UNDER BRIDGE INSPECTION ACCESS EQUIPMENT RENTAL; SALAMONIE DAM TOWER BRIDGE INSPECTION, LAGRO, WABASH COUNTY, ILLINOIS, AND MISSISSINEWA DAM TOWER BRIDGE INSPECTION, PERU, MIAMI COUNTY, INDIANA. Competition for this acquisition is RESTRICTED TO SMALL BUSINESSES. AN OFFEROR MUST HAVE AN ACTIVE REGISTRATION IN THE SYSTEM FORAWARD MANAGEMENT WHEN PLACING AN OFFER/QUOTATION PACKAGE FORTHIS ACQUISITION. REGISTRATION CAN BE COMPLETED FREE OF C",532490,W038,,Unknown pre-award; historical award is answer key,Service / mixed,MRO tools and commercial hardware,,Not recovered from extract,Unknown / direct record review required,Unknown — version history retrieval required,Unknown — archive retrieval required,Yes — embedded in official extract,https://sam.gov/workspace/contract/opp/3b3c3d91381b4a1cb204fd1819054bb0/view,null,,Not provided in extract outcome fields,Not indicated at solicitation intake,Potentially yes — direct solicitation notice,No evidence in extract; verify solicitation,Potentially yes — subject to active SAM registration and representations,Review required,Review exact product/NSN; no conflict detected,Rental / lease,Partial — attachments or detail retrieval required,Unknown — never infer from award amount,Not modeled before archive/requirements gate,Unclassified pending sourcing,Not modeled before supplier pricing,85,0,Strikeout,Gate 6 — product/service exclusion,NO-BID / REJECT AT INTAKE,Moderate — official extract metadata; attachments not yet reconstructed,"Extract Active flag inconsistent with 2023-2024 closed deadline; verify notice version/archive directly. No separate additional-information link in extract. Award outcome is answer key, not pre-award pricing evidence.",66409
HOS01-038,45efc691a419457d9afc0a50945aa83c,W912P624B0007,https://sam.gov/workspace/contract/opp/45efc691a419457d9afc0a50945aa83c/view,Solicitation,2024-05-30,2024-06-07,DEPT OF DEFENSE,DEPT OF THE ARMY,W072 ENDIST CHICAGO,"Solicitation W912P624B0007 GARY AIRPORT SANITARY SEWER IMPROVEMENTS - SECTION 219, GARY, LAKE COUNTY, INDIANA (USACE ACQUISITION)","EFFECTIVE MAY 30, 2024: The government has posted Amendment No. 0002 hereunder this Notice (please refer to the Attachments Section).*** EFFECTIVE MAY 13, 2024: The government has posted Amendment No. 0001 hereunder this Notice (please refer to the Attachments Section).*** Under this Solicitation, the United States Army Corps of Engineers - Chicago District issues Solicitation No. W912P624B0007 for bidding purposes. Therefore, provided hereunder is the relevant bid package for its construction project entitled, Gary Airport Sanitary Sewer Improvements - Section 219, Gary, Lake County, Indiana (USACE Acquisition). PROJECT INFORMATION: The project work involves the construction of the installation of approximately 2,200 linear feet (LF) of an 8-inch gravity sewer that would flow to a proposed lift station located along Chicago Avenue on airport-owned property. This work would also include the installation of approximately 600 LF of 1.25-inch pressure sewer from the proposed lift station to the existing 10-inch force main located along Airport Road. CONTRACTING OFFICE: USACE Chicago District, 231 SOUTH LaSALLE STREET, SUITE 1500, Chicago, IL 60604ACQUISITION INFORMATION: Competition f",237110,Y1PZ,Total Small Business Set-Aside (FAR 19.5),Unknown pre-award; historical award is answer key,Service / mixed,MRO tools and commercial hardware,"Gary, IN, USA","Gary, IN, USA",Unknown / direct record review required,Unknown — version history retrieval required,Unknown — archive retrieval required,Yes — embedded in official extract,https://sam.gov/workspace/contract/opp/45efc691a419457d9afc0a50945aa83c/view,null,,Not provided in extract outcome fields,Not indicated at solicitation intake,Potentially yes — direct solicitation notice,No evidence in extract; verify solicitation,Potentially yes — subject to active SAM registration and representations,Review required,Review exact product/NSN; no conflict detected,Construction / installation / repair / field service,Likely complete enough for archive review,Unknown — never infer from award amount,Not modeled before archive/requirements gate,Unclassified pending sourcing,Not modeled before supplier pricing,85,0,Strikeout,Gate 6 — product/service exclusion,NO-BID / REJECT AT INTAKE,Moderate — official extract metadata; attachments not yet reconstructed,"Extract Active flag inconsistent with 2023-2024 closed deadline; verify notice version/archive directly. No separate additional-information link in extract. Award outcome is answer key, not pre-award pricing evidence.",66393
HOS01-039,110cfec91e3c419da5e54e9a2ba7f0cc,W912P624B0008,https://sam.gov/workspace/contract/opp/110cfec91e3c419da5e54e9a2ba7f0cc/view,Solicitation,2024-05-31,2024-06-11,DEPT OF DEFENSE,DEPT OF THE ARMY,W072 ENDIST CHICAGO,"Solicitation W912P624B0008 Village of Glenwood Stormwater Improvements, Glenwood, Cook County, Illinois (USACE Acquisition)","EFFECTIVE MAY 31, 2024: The government has posted Amendment No. 0001 hereunder this Notice (please refer to the Attachments Section). ** Under this Solicitation Notice, the United States Army Corps of Engineers - Chicago District issues Solicitation No. W912P624B0008 for bidding purposes. Therefore, provided hereunder is the relevant bid package for its construction project entitled, Village of Glenwood Stormwater Improvements, Glenwood, Cook County, Illinois (USACE Acquisition).PROJECT INFORMATION: The project work involves the construction of additional infrastructure to support the redevelopment and development of the Halsted Street Corridor. This project will provide infrastructure for the south half of the plaza at Halsted Street between 183rd Street and Streiff Lane. It will also provide a regional stormwater detention pond serving existing and proposed developments. CONTRACTING OFFICE: USACE Chicago District, 231 SOUTH LaSALLE STREET, SUITE 1500, Chicago, IL 60604. ACQUISITION INFORMATION: Competition for this acquisition is RESERVED EXCLUSIVELY for Small Business Concerns. The North American Industry System Classification Code is 237110, with a small business size standard ",237110,Y1PZ,Total Small Business Set-Aside (FAR 19.5),Unknown pre-award; historical award is answer key,Service / mixed,MRO tools and commercial hardware,,Not recovered from extract,Unknown / direct record review required,Unknown — version history retrieval required,Unknown — archive retrieval required,Yes — embedded in official extract,https://sam.gov/workspace/contract/opp/110cfec91e3c419da5e54e9a2ba7f0cc/view,null,,Not provided in extract outcome fields,Not indicated at solicitation intake,Potentially yes — direct solicitation notice,No evidence in extract; verify solicitation,Potentially yes — subject to active SAM registration and representations,Review required,Review exact product/NSN; no conflict detected,Construction / installation / repair / field service,Likely complete enough for archive review,Unknown — never infer from award amount,Not modeled before archive/requirements gate,Unclassified pending sourcing,Not modeled before supplier pricing,85,0,Strikeout,Gate 6 — product/service exclusion,NO-BID / REJECT AT INTAKE,Moderate — official extract metadata; attachments not yet reconstructed,"Extract Active flag inconsistent with 2023-2024 closed deadline; verify notice version/archive directly. No separate additional-information link in extract. Award outcome is answer key, not pre-award pricing evidence.",66382
HOS01-040,7e427ef15b7b43b6acd9b3d02dff7079,W912P624B0007,https://sam.gov/workspace/contract/opp/7e427ef15b7b43b6acd9b3d02dff7079/view,Solicitation,2024-06-04,2024-06-12,DEPT OF DEFENSE,DEPT OF THE ARMY,W072 ENDIST CHICAGO,"Solicitation W912P624B0007 GARY AIRPORT SANITARY SEWER IMPROVEMENTS - SECTION 219, GARY, LAKE COUNTY, INDIANA (USACE ACQUISITION)","VIRTUAL BID OPENING INFORMATION: THE VIRTUAL BID OPENING WILL BE CONDUCTED ON JUNE 12, 2024 AT 2:00 P.M. (CENTRAL TIME). AT THE DESIGNATED DAY AND TIME, PLEASE JOIN BY: MEETING LINK: https://usace1.webex.com/usace1/j.php?MTID=m58412351cc02d87e7eef80328270c9d9. Meeting number (access code): 2825 703 3158. Meeting password: QpbVMRQ@433. OR, JOIN BY PHONE: 1-844-800-2712 US Toll Free. 1-669-234-1177 US Toll. Access code: 2825 703 3158. Conf ID: press the # sign. *** EFFECTIVE JUNE 4, 2024: The government has posted Amendment No. 0003 hereunder this Notice (please refer to the Attachments Section).*** EFFECTIVE MAY 30, 2024: The government has posted Amendment No. 0002 hereunder this Notice (please refer to the Attachments Section).*** EFFECTIVE MAY 13, 2024: The government has posted Amendment No. 0001 hereunder this Notice (please refer to the Attachments Section).*** Under this Solicitation, the United States Army Corps of Engineers - Chicago District issues Solicitation No. W912P624B0007 for bidding purposes. Therefore, provided hereunder is the relevant bid package for its construction project entitled, Gary Airport Sanitary Sewer Improvements - Section 219, Gary, Lake County, Ind",237110,Y1PZ,Total Small Business Set-Aside (FAR 19.5),Unknown pre-award; historical award is answer key,Service / mixed,MRO tools and commercial hardware,"Gary, IN, USA","Gary, IN, USA",Unknown / direct record review required,Unknown — version history retrieval required,Unknown — archive retrieval required,Yes — embedded in official extract,https://sam.gov/workspace/contract/opp/7e427ef15b7b43b6acd9b3d02dff7079/view,null,,Not provided in extract outcome fields,Not indicated at solicitation intake,Potentially yes — direct solicitation notice,No evidence in extract; verify solicitation,Potentially yes — subject to active SAM registration and representations,Review required,Review exact product/NSN; no conflict detected,Construction / installation / repair / field service,Likely complete enough for archive review,Unknown — never infer from award amount,Not modeled before archive/requirements gate,Unclassified pending sourcing,Not modeled before supplier pricing,85,0,Strikeout,Gate 6 — product/service exclusion,NO-BID / REJECT AT INTAKE,Moderate — official extract metadata; attachments not yet reconstructed,"Extract Active flag inconsistent with 2023-2024 closed deadline; verify notice version/archive directly. No separate additional-information link in extract. Award outcome is answer key, not pre-award pricing evidence.",66349
HOS01-041,bebaec34dafa4523be99e69c3ecca3f3,W912P624B0008,https://sam.gov/workspace/contract/opp/bebaec34dafa4523be99e69c3ecca3f3/view,Solicitation,2024-06-04,2024-06-11,DEPT OF DEFENSE,DEPT OF THE ARMY,W072 ENDIST CHICAGO,"Solicitation W912P624B0008 Village of Glenwood Stormwater Improvements, Glenwood, Cook County, Illinois (USACE Acquisition)","VIRTUAL BID OPENING INFORMATION: THE VIRTUAL BID OPENING WILL BE CONDUCTED ON JUNE 11, 2024 AT 2:00 P.M. (CENTRAL TIME). AT THE DESIGNATED DAY AND TIME, PLEASE JOIN BY: MEETING LINK: https://usace1.webex.com/usace1/j.php?MTID=m4b66f0ab8f287427db1d1d5953cc6b59 Meeting number (access code): 2828 829 2706 Meeting Password: GpBsGXZ@332 OR, JOIN BY PHONE: 1-844-800-2712 US Toll Free 1-669-234-1177 US Toll Access code: 2828 829 2706 Conf ID: press the # sign ***************************************************************************************************************************************************** EFFECTIVE MAY 31, 2024: The government has posted Amendment No. 0001 hereunder this Notice (please refer to the Attachments Section). ** Under this Solicitation Notice, the United States Army Corps of Engineers - Chicago District issues Solicitation No. W912P624B0008 for bidding purposes. Therefore, provided hereunder is the relevant bid package for its construction project entitled, Village of Glenwood Stormwater Improvements, Glenwood, Cook County, Illinois (USACE Acquisition).PROJECT INFORMATION: The project work involves the construction of additional infrastructure to support the r",237110,Y1PZ,Total Small Business Set-Aside (FAR 19.5),Unknown pre-award; historical award is answer key,Service / mixed,MRO tools and commercial hardware,,Not recovered from extract,Unknown / direct record review required,Unknown — version history retrieval required,Unknown — archive retrieval required,Yes — embedded in official extract,https://sam.gov/workspace/contract/opp/bebaec34dafa4523be99e69c3ecca3f3/view,null,,Not provided in extract outcome fields,Not indicated at solicitation intake,Potentially yes — direct solicitation notice,No evidence in extract; verify solicitation,Potentially yes — subject to active SAM registration and representations,Review required,Review exact product/NSN; no conflict detected,Construction / installation / repair / field service,Likely complete enough for archive review,Unknown — never infer from award amount,Not modeled before archive/requirements gate,Unclassified pending sourcing,Not modeled before supplier pricing,85,0,Strikeout,Gate 6 — product/service exclusion,NO-BID / REJECT AT INTAKE,Moderate — official extract metadata; attachments not yet reconstructed,"Extract Active flag inconsistent with 2023-2024 closed deadline; verify notice version/archive directly. No separate additional-information link in extract. Award outcome is answer key, not pre-award pricing evidence.",66348
HOS01-042,012e0da222f14cd2959bbd1403f7d363,W912P624B0008,https://sam.gov/workspace/contract/opp/012e0da222f14cd2959bbd1403f7d363/view,Solicitation,2024-06-11,2024-06-11,DEPT OF DEFENSE,DEPT OF THE ARMY,W072 ENDIST CHICAGO,"Solicitation W912P624B0008 Village of Glenwood Stormwater Improvements, Glenwood, Cook County, Illinois (USACE Acquisition)","**TIME OF BID SUBMISSION: Bids are required one hour prior the time specified on Page 1 of this Solicitation, Block #13a. Please note, FAR Subpart 14.302 Bid submission; Bids shall be submitted so that they will be received in the office designated in the invitation for bids not later than the exact time set for opening of bids.** ********** VIRTUAL BID OPENING INFORMATION: THE VIRTUAL BID OPENING WILL BE CONDUCTED ON JUNE 11, 2024 AT 2:00 P.M. (CENTRAL TIME). AT THE DESIGNATED DAY AND TIME, PLEASE JOIN BY: ** MEETING LINK: https://usace1.webex.com/usace1/j.php?MTID=m4b66f0ab8f287427db1d1d5953cc6b59. Meeting number (access code): 2828 829 2706. Meeting Password: GpBsGXZ@332. OR, JOIN BY PHONE: 1-844-800-2712 US Toll Free; 1-669-234-1177 US Toll. Access code: 2828 829 2706. Conf ID: press the # sign. ********** EFFECTIVE MAY 31, 2024: The government has posted Amendment No. 0001 hereunder this Notice (please refer to the Attachments Section). ** Under this Solicitation Notice, the United States Army Corps of Engineers - Chicago District issues Solicitation No. W912P624B0008 for bidding purposes. Therefore, provided hereunder is the relevant bid package for its construction project e",237110,Y1PZ,Total Small Business Set-Aside (FAR 19.5),Unknown pre-award; historical award is answer key,Service / mixed,MRO tools and commercial hardware,,Not recovered from extract,Unknown / direct record review required,Unknown — version history retrieval required,Unknown — archive retrieval required,Yes — embedded in official extract,https://sam.gov/workspace/contract/opp/012e0da222f14cd2959bbd1403f7d363/view,null,,Not provided in extract outcome fields,Not indicated at solicitation intake,Potentially yes — direct solicitation notice,No evidence in extract; verify solicitation,Potentially yes — subject to active SAM registration and representations,Review required,Review exact product/NSN; no conflict detected,Construction / installation / repair / field service,Likely complete enough for archive review,Unknown — never infer from award amount,Not modeled before archive/requirements gate,Unclassified pending sourcing,Not modeled before supplier pricing,85,0,Strikeout,Gate 6 — product/service exclusion,NO-BID / REJECT AT INTAKE,Moderate — official extract metadata; attachments not yet reconstructed,"Extract Active flag inconsistent with 2023-2024 closed deadline; verify notice version/archive directly. No separate additional-information link in extract. Award outcome is answer key, not pre-award pricing evidence.",66292
HOS01-043,17a0dbaa5bac4a1e9f77d23df92275ea,W912P624B0007,https://sam.gov/workspace/contract/opp/17a0dbaa5bac4a1e9f77d23df92275ea/view,Solicitation,2024-06-11,2024-06-12,DEPT OF DEFENSE,DEPT OF THE ARMY,W072 ENDIST CHICAGO,"Solicitation W912P624B0007 GARY AIRPORT SANITARY SEWER IMPROVEMENTS - SECTION 219, GARY, LAKE COUNTY, INDIANA (USACE ACQUISITION)","*****TIME OF BID SUBMISSION: Bids are required one hour prior the time specified on Page 1 of this Solicitation, Block #13a. Please note, FAR Subpart 14.302 Bid submission; Bids shall be submitted so that they will be received in the office designated in the invitation for bids not later than the exact time set for opening of bids.***** VIRTUAL BID OPENING INFORMATION: THE VIRTUAL BID OPENING WILL BE CONDUCTED ON JUNE 12, 2024 AT 2:00 P.M. (CENTRAL TIME). AT THE DESIGNATED DAY AND TIME, PLEASE JOIN BY: MEETING LINK: https://usace1.webex.com/usace1/j.php?MTID=m58412351cc02d87e7eef80328270c9d9. Meeting number (access code): 2825 703 3158. Meeting password: QpbVMRQ@433. OR, JOIN BY PHONE: 1-844-800-2712 US Toll Free. 1-669-234-1177 US Toll. Access code: 2825 703 3158. Conf ID: press the # sign. *** EFFECTIVE JUNE 4, 2024: The government has posted Amendment No. 0003 hereunder this Notice (please refer to the Attachments Section).*** EFFECTIVE MAY 30, 2024: The government has posted Amendment No. 0002 hereunder this Notice (please refer to the Attachments Section).*** EFFECTIVE MAY 13, 2024: The government has posted Amendment No. 0001 hereunder this Notice (please refer to the Attachm",237110,Y1PZ,Total Small Business Set-Aside (FAR 19.5),Unknown pre-award; historical award is answer key,Service / mixed,MRO tools and commercial hardware,"Gary, IN, USA","Gary, IN, USA",Unknown / direct record review required,Unknown — version history retrieval required,Unknown — archive retrieval required,Yes — embedded in official extract,https://sam.gov/workspace/contract/opp/17a0dbaa5bac4a1e9f77d23df92275ea/view,null,,Not provided in extract outcome fields,Not indicated at solicitation intake,Potentially yes — direct solicitation notice,No evidence in extract; verify solicitation,Potentially yes — subject to active SAM registration and representations,Review required,Review exact product/NSN; no conflict detected,Construction / installation / repair / field service,Likely complete enough for archive review,Unknown — never infer from award amount,Not modeled before archive/requirements gate,Unclassified pending sourcing,Not modeled before supplier pricing,85,0,Strikeout,Gate 6 — product/service exclusion,NO-BID / REJECT AT INTAKE,Moderate — official extract metadata; attachments not yet reconstructed,"Extract Active flag inconsistent with 2023-2024 closed deadline; verify notice version/archive directly. No separate additional-information link in extract. Award outcome is answer key, not pre-award pricing evidence.",66291
HOS01-044,4f36e4d1aa1c4b3ebeb6ca5923cf4be7,W912P624B0008,https://sam.gov/workspace/contract/opp/4f36e4d1aa1c4b3ebeb6ca5923cf4be7/view,Solicitation,2024-06-11,2024-06-11,DEPT OF DEFENSE,DEPT OF THE ARMY,W072 ENDIST CHICAGO,"Solicitation W912P624B0008 Village of Glenwood Stormwater Improvements, Glenwood, Cook County, Illinois (USACE Acquisition)","EFFECTIVE JUNE 11, 2024: The government has attached the Bid Opening Results (please refer to the Attachments Section of this Notice).***** **TIME OF BID SUBMISSION: Bids are required one hour prior the time specified on Page 1 of this Solicitation, Block #13a. Please note, FAR Subpart 14.302 Bid submission; Bids shall be submitted so that they will be received in the office designated in the invitation for bids not later than the exact time set for opening of bids.** ********** VIRTUAL BID OPENING INFORMATION: THE VIRTUAL BID OPENING WILL BE CONDUCTED ON JUNE 11, 2024 AT 2:00 P.M. (CENTRAL TIME). AT THE DESIGNATED DAY AND TIME, PLEASE JOIN BY: ** MEETING LINK: https://usace1.webex.com/usace1/j.php?MTID=m4b66f0ab8f287427db1d1d5953cc6b59. Meeting number (access code): 2828 829 2706. Meeting Password: GpBsGXZ@332. OR, JOIN BY PHONE: 1-844-800-2712 US Toll Free; 1-669-234-1177 US Toll. Access code: 2828 829 2706. Conf ID: press the # sign. ********** EFFECTIVE MAY 31, 2024: The government has posted Amendment No. 0001 hereunder this Notice (please refer to the Attachments Section). ** Under this Solicitation Notice, the United States Army Corps of Engineers - Chicago District issues S",237110,Y1PZ,Total Small Business Set-Aside (FAR 19.5),Unknown pre-award; historical award is answer key,Service / mixed,MRO tools and commercial hardware,,Not recovered from extract,Unknown / direct record review required,Unknown — version history retrieval required,Unknown — archive retrieval required,Yes — embedded in official extract,https://sam.gov/workspace/contract/opp/4f36e4d1aa1c4b3ebeb6ca5923cf4be7/view,null,,Not provided in extract outcome fields,Not indicated at solicitation intake,Potentially yes — direct solicitation notice,No evidence in extract; verify solicitation,Potentially yes — subject to active SAM registration and representations,Review required,Review exact product/NSN; no conflict detected,Construction / installation / repair / field service,Likely complete enough for archive review,Unknown — never infer from award amount,Not modeled before archive/requirements gate,Unclassified pending sourcing,Not modeled before supplier pricing,85,0,Strikeout,Gate 6 — product/service exclusion,NO-BID / REJECT AT INTAKE,Moderate — official extract metadata; attachments not yet reconstructed,"Extract Active flag inconsistent with 2023-2024 closed deadline; verify notice version/archive directly. No separate additional-information link in extract. Award outcome is answer key, not pre-award pricing evidence.",66283
HOS01-045,67624b761d8f4d3aa69bdb6d452505f2,36C77022R0008,https://sam.gov/workspace/contract/opp/67624b761d8f4d3aa69bdb6d452505f2/view,Solicitation,2024-06-11,2024-07-23,"VETERANS AFFAIRS, DEPARTMENT OF","VETERANS AFFAIRS, DEPARTMENT OF",NATIONAL CMOP OFFICE (36C770),Q517--Staffing Service Tucson,Amendment 0005: Please see attached for details of this Amendment.,561210,Q517,Service-Disabled Veteran-Owned Small Business Set Aside,Unknown pre-award; historical award is answer key,Service / mixed,Mixed control,"Tucson, AZ, 85706, USA","Tucson, AZ, 85706, USA",Unknown / direct record review required,Unknown — version history retrieval required,Unknown — archive retrieval required,Yes — embedded in official extract,https://sam.gov/workspace/contract/opp/67624b761d8f4d3aa69bdb6d452505f2/view,null,,Not provided in extract outcome fields,Not indicated at solicitation intake,Potentially yes — direct solicitation notice,No evidence in extract; verify solicitation,No — socioeconomic set-aside not held by GGG,Review required,Review exact product/NSN; no conflict detected,Rental / lease,Incomplete from extract,Unknown — never infer from award amount,Not modeled before archive/requirements gate,Unclassified pending sourcing,Not modeled before supplier pricing,45,0,Strikeout,Gate 4 — GGG eligibility,NO-BID / REJECT AT INTAKE,Moderate — official extract metadata; attachments not yet reconstructed,"Extract Active flag inconsistent with 2023-2024 closed deadline; verify notice version/archive directly. No separate additional-information link in extract. Award outcome is answer key, not pre-award pricing evidence.",66287
HOS01-046,9113c1f55bf54e0d96db7eddbd4666a7,36C77022R0008,https://sam.gov/workspace/contract/opp/9113c1f55bf54e0d96db7eddbd4666a7/view,Solicitation,2024-06-11,2024-07-23,"VETERANS AFFAIRS, DEPARTMENT OF","VETERANS AFFAIRS, DEPARTMENT OF",NATIONAL CMOP OFFICE (36C770),Q517--Staffing Service Tucson,Amendment 0004,561210,Q517,,Unknown pre-award; historical award is answer key,Service / mixed,Mixed control,,Not recovered from extract,Unknown / direct record review required,Unknown — version history retrieval required,Unknown — archive retrieval required,Yes — embedded in official extract,https://sam.gov/workspace/contract/opp/9113c1f55bf54e0d96db7eddbd4666a7/view,null,,Not provided in extract outcome fields,Not indicated at solicitation intake,Potentially yes — direct solicitation notice,No evidence in extract; verify solicitation,Potentially yes — subject to active SAM registration and representations,Review required,Review exact product/NSN; no conflict detected,Pass / no automatic exclusion detected,Incomplete from extract,Unknown — never infer from award amount,Not modeled before archive/requirements gate,Unclassified pending sourcing,Not modeled before supplier pricing,85,50,Strikeout,Gate 7 — requirement completeness,NO-BID / REJECT AT INTAKE,Moderate — official extract metadata; attachments not yet reconstructed,"Extract Active flag inconsistent with 2023-2024 closed deadline; verify notice version/archive directly. No separate additional-information link in extract. Award outcome is answer key, not pre-award pricing evidence.",66288
HOS01-047,1dcc8d3f54614ed3b930e02b50c16a1c,W912P624B0007,https://sam.gov/workspace/contract/opp/1dcc8d3f54614ed3b930e02b50c16a1c/view,Solicitation,2024-06-12,2024-06-12,DEPT OF DEFENSE,DEPT OF THE ARMY,W072 ENDIST CHICAGO,"Solicitation W912P624B0007 GARY AIRPORT SANITARY SEWER IMPROVEMENTS - SECTION 219, GARY, LAKE COUNTY, INDIANA (USACE ACQUISITION)","** Administrative edit for the response time zone which was set at Central Standard Time to Central Daylight Time. The response time is not changed and are due one prior to the bid opening. ** *****TIME OF BID SUBMISSION: Bids are required one hour prior the time specified on Page 1 of this Solicitation, Block #13a. Please note, FAR Subpart 14.302 Bid submission; Bids shall be submitted so that they will be received in the office designated in the invitation for bids not later than the exact time set for opening of bids.***** VIRTUAL BID OPENING INFORMATION: THE VIRTUAL BID OPENING WILL BE CONDUCTED ON JUNE 12, 2024 AT 2:00 P.M. (CENTRAL TIME). AT THE DESIGNATED DAY AND TIME, PLEASE JOIN BY: MEETING LINK: https://usace1.webex.com/usace1/j.php?MTID=m58412351cc02d87e7eef80328270c9d9. Meeting number (access code): 2825 703 3158. Meeting password: QpbVMRQ@433. OR, JOIN BY PHONE: 1-844-800-2712 US Toll Free. 1-669-234-1177 US Toll. Access code: 2825 703 3158. Conf ID: press the # sign. *** EFFECTIVE JUNE 4, 2024: The government has posted Amendment No. 0003 hereunder this Notice (please refer to the Attachments Section).*** EFFECTIVE MAY 30, 2024: The government has posted Amendment No.",237110,Y1PZ,Total Small Business Set-Aside (FAR 19.5),Unknown pre-award; historical award is answer key,Service / mixed,MRO tools and commercial hardware,"Gary, IN, USA","Gary, IN, USA",Unknown / direct record review required,Unknown — version history retrieval required,Unknown — archive retrieval required,Yes — embedded in official extract,https://sam.gov/workspace/contract/opp/1dcc8d3f54614ed3b930e02b50c16a1c/view,null,,Not provided in extract outcome fields,Not indicated at solicitation intake,Potentially yes — direct solicitation notice,No evidence in extract; verify solicitation,Potentially yes — subject to active SAM registration and representations,Review required,Review exact product/NSN; no conflict detected,Construction / installation / repair / field service,Likely complete enough for archive review,Unknown — never infer from award amount,Not modeled before archive/requirements gate,Unclassified pending sourcing,Not modeled before supplier pricing,85,0,Strikeout,Gate 6 — product/service exclusion,NO-BID / REJECT AT INTAKE,Moderate — official extract metadata; attachments not yet reconstructed,"Extract Active flag inconsistent with 2023-2024 closed deadline; verify notice version/archive directly. No separate additional-information link in extract. Award outcome is answer key, not pre-award pricing evidence.",66273
HOS01-048,be20996621714ec8a581d12255d2f742,W912P624B0007,https://sam.gov/workspace/contract/opp/be20996621714ec8a581d12255d2f742/view,Solicitation,2024-06-12,2024-06-12,DEPT OF DEFENSE,DEPT OF THE ARMY,W072 ENDIST CHICAGO,"Solicitation W912P624B0007 GARY AIRPORT SANITARY SEWER IMPROVEMENTS - SECTION 219, GARY, LAKE COUNTY, INDIANA (USACE ACQUISITION)","EFFECTIVE JUNE 12, 2024: The government has attached the Bid Opening Results (please refer to the Attachments Section of this Notice).***** ** Administrative edit for the response time zone which was set at Central Standard Time to Central Daylight Time. The response time is not changed and are due one prior to the bid opening. ** *****TIME OF BID SUBMISSION: Bids are required one hour prior the time specified on Page 1 of this Solicitation, Block #13a. Please note, FAR Subpart 14.302 Bid submission; Bids shall be submitted so that they will be received in the office designated in the invitation for bids not later than the exact time set for opening of bids.***** VIRTUAL BID OPENING INFORMATION: THE VIRTUAL BID OPENING WILL BE CONDUCTED ON JUNE 12, 2024 AT 2:00 P.M. (CENTRAL TIME). AT THE DESIGNATED DAY AND TIME, PLEASE JOIN BY: MEETING LINK: https://usace1.webex.com/usace1/j.php?MTID=m58412351cc02d87e7eef80328270c9d9. Meeting number (access code): 2825 703 3158. Meeting password: QpbVMRQ@433. OR, JOIN BY PHONE: 1-844-800-2712 US Toll Free. 1-669-234-1177 US Toll. Access code: 2825 703 3158. Conf ID: press the # sign. *** EFFECTIVE JUNE 4, 2024: The government has posted Amendment ",237110,Y1PZ,Total Small Business Set-Aside (FAR 19.5),Unknown pre-award; historical award is answer key,Service / mixed,MRO tools and commercial hardware,"Gary, IN, USA","Gary, IN, USA",Unknown / direct record review required,Unknown — version history retrieval required,Unknown — archive retrieval required,Yes — embedded in official extract,https://sam.gov/workspace/contract/opp/be20996621714ec8a581d12255d2f742/view,null,,Not provided in extract outcome fields,Not indicated at solicitation intake,Potentially yes — direct solicitation notice,No evidence in extract; verify solicitation,Potentially yes — subject to active SAM registration and representations,Review required,Review exact product/NSN; no conflict detected,Construction / installation / repair / field service,Likely complete enough for archive review,Unknown — never infer from award amount,Not modeled before archive/requirements gate,Unclassified pending sourcing,Not modeled before supplier pricing,85,0,Strikeout,Gate 6 — product/service exclusion,NO-BID / REJECT AT INTAKE,Moderate — official extract metadata; attachments not yet reconstructed,"Extract Active flag inconsistent with 2023-2024 closed deadline; verify notice version/archive directly. No separate additional-information link in extract. Award outcome is answer key, not pre-award pricing evidence.",66270
HOS01-049,3a54dc47257e4d6186022b537b204488,W912P624R0009,https://sam.gov/workspace/contract/opp/3a54dc47257e4d6186022b537b204488/view,Combined Synopsis/Solicitation,2024-06-18,2024-07-02,DEPT OF DEFENSE,DEPT OF THE ARMY,W072 ENDIST CHICAGO,"FACILITY MAINTENANCE SERVICES, LOCKPORT, WILL COUNTY, ILLINOIS","This is a combined Synopsis/Solicitation Notice for Commercial Items issued pursuant to the Federal Acquisition Regulation (FAR) Subpart 12.6. Under this notice, the U.S. Army Corps of Engineers, Chicago District (USACE) is issuing a Request for Proposals (RFP) for: FACILITY MAINTENANCE SERVICES, LOCKPORT, WILL COUNTY, ILLINOIS. The works involves the FACILITY MAINTENANCE SERVICES located at the Chicago Sanitary and Ship Canal (CSSC) Aquatic Nuisance Species facility buildings. The contractor shall furnish staff of experience, support equipment, and material of quantity to provide interior and exterior custodial/housekeeping; establish and maintain fire alarm monitoring, annual fire alarm, fire extinguishers, and fire suppression tank certification and testing; establish and maintain monthly interior and exterior pest control services, refuse services, and waste water tank services and other facility maintenance work for the USACE Chicago Sanitary and Ship Canal (CSSC) Aquatic Nuisance Species facility buildings. The applicable Size Standard is North American Industry Classification System (NAICS) Code 561210, with a Small Business Size Standard in dollars of $47.0M. Competition fo",561210,S216,Total Small Business Set-Aside (FAR 19.5),Unknown pre-award; historical award is answer key,Service / mixed,Basic IT accessories and standard equipment,,Not recovered from extract,Unknown / direct record review required,Unknown — version history retrieval required,Unknown — archive retrieval required,Yes — embedded in official extract,https://sam.gov/workspace/contract/opp/3a54dc47257e4d6186022b537b204488/view,null,,Not provided in extract outcome fields,Not indicated at solicitation intake,Potentially yes — direct solicitation notice,No evidence in extract; verify solicitation,Potentially yes — subject to active SAM registration and representations,Review required,Review exact product/NSN; no conflict detected,Construction / installation / repair / field service,Partial — attachments or detail retrieval required,Unknown — never infer from award amount,Not modeled before archive/requirements gate,Unclassified pending sourcing,Not modeled before supplier pricing,85,0,Strikeout,Gate 6 — product/service exclusion,NO-BID / REJECT AT INTAKE,Moderate — official extract metadata; attachments not yet reconstructed,"Extract Active flag inconsistent with 2023-2024 closed deadline; verify notice version/archive directly. No separate additional-information link in extract. Award outcome is answer key, not pre-award pricing evidence.",66223
HOS01-050,483a7f70887b43f88badf6652cfca36f,W912P624R0009,https://sam.gov/workspace/contract/opp/483a7f70887b43f88badf6652cfca36f/view,Combined Synopsis/Solicitation,2024-06-26,2024-07-02,DEPT OF DEFENSE,DEPT OF THE ARMY,W072 ENDIST CHICAGO,"FACILITY MAINTENANCE SERVICES, LOCKPORT, WILL COUNTY, ILLINOIS","EFFECTIVE JUNE 26, 2024: The government has posted Amendment No. 0001 hereunder this Notice (please refer to the Attachments Section). ** This is a combined Synopsis/Solicitation Notice for Commercial Items issued pursuant to the Federal Acquisition Regulation (FAR) Subpart 12.6. Under this notice, the U.S. Army Corps of Engineers, Chicago District (USACE) is issuing a Request for Proposals (RFP) for: FACILITY MAINTENANCE SERVICES, LOCKPORT, WILL COUNTY, ILLINOIS. The works involves the FACILITY MAINTENANCE SERVICES located at the Chicago Sanitary and Ship Canal (CSSC) Aquatic Nuisance Species facility buildings. The contractor shall furnish staff of experience, support equipment, and material of quantity to provide interior and exterior custodial/housekeeping; establish and maintain fire alarm monitoring, annual fire alarm, fire extinguishers, and fire suppression tank certification and testing; establish and maintain monthly interior and exterior pest control services, refuse services, and waste water tank services and other facility maintenance work for the USACE Chicago Sanitary and Ship Canal (CSSC) Aquatic Nuisance Species facility buildings. The applicable Size Standard is N",561210,S216,Total Small Business Set-Aside (FAR 19.5),Unknown pre-award; historical award is answer key,Service / mixed,Basic IT accessories and standard equipment,,Not recovered from extract,Unknown / direct record review required,Unknown — version history retrieval required,Unknown — archive retrieval required,Yes — embedded in official extract,https://sam.gov/workspace/contract/opp/483a7f70887b43f88badf6652cfca36f/view,null,,Not provided in extract outcome fields,Not indicated at solicitation intake,Potentially yes — direct solicitation notice,No evidence in extract; verify solicitation,Potentially yes — subject to active SAM registration and representations,Review required,Review exact product/NSN; no conflict detected,Construction / installation / repair / field service,Partial — attachments or detail retrieval required,Unknown — never infer from award amount,Not modeled before archive/requirements gate,Unclassified pending sourcing,Not modeled before supplier pricing,85,0,Strikeout,Gate 6 — product/service exclusion,NO-BID / REJECT AT INTAKE,Moderate — official extract metadata; attachments not yet reconstructed,"Extract Active flag inconsistent with 2023-2024 closed deadline; verify notice version/archive directly. No separate additional-information link in extract. Award outcome is answer key, not pre-award pricing evidence.",66140
HOS01-051,82520cbf1c204d32a26e79f60f4cd36f,W912P624B0009,https://sam.gov/workspace/contract/opp/82520cbf1c204d32a26e79f60f4cd36f/view,Solicitation,2024-06-26,2024-07-26,DEPT OF DEFENSE,DEPT OF THE ARMY,W072 ENDIST CHICAGO,"Town of Hebron Water Main Replacement, Hebron, Porter County, Indiana (USACE Acquisition)","Under this Solicitation Notice, the United States Army Corps of Engineers - Chicago District issues Solicitation No. W912P624B0009 for bidding purposes. Therefore, provided hereunder is the relevant bid package for its construction project entitled, Town of Hebron Water Main Replacement, Hebron, Porter County, Indiana (USACE Acquisition). PROJECT INFORMATION: The work includes installing approximately 2,900 linear feet of new 8-inch PVC watermain by open-cut excavation and approximately 900 linear feet of horizontally directional drilled 8-inch PVC. Work w ill also include approximately 900 linear feet of 6-inch PVC watermain installed by open cut; installation of residential services, valves, and associated asphalt and paving restoration. Option No. 1 includes approximately 4,100 LF of 6-inch PVC watermain by open-cut excavations and approximately and 170 linear feet of horizontally directional drilled 6-inch PVC with installation of residential services, valves, and associated asphalt and paving restoration. CONTRACTING OFFICE: USACE Chicago District, 231 SOUTH LaSALLE STREET, SUITE 1500, Chicago, IL 60604. ACQUISITION INFORMATION: Competition for this acquisition is RESERVED EXC",237110,Y1PZ,Total Small Business Set-Aside (FAR 19.5),Unknown pre-award; historical award is answer key,Service / mixed,MRO tools and commercial hardware,,Not recovered from extract,Unknown / direct record review required,Unknown — version history retrieval required,Unknown — archive retrieval required,Yes — embedded in official extract,https://sam.gov/workspace/contract/opp/82520cbf1c204d32a26e79f60f4cd36f/view,null,,Not provided in extract outcome fields,Not indicated at solicitation intake,Potentially yes — direct solicitation notice,No evidence in extract; verify solicitation,Potentially yes — subject to active SAM registration and representations,Review required,Review exact product/NSN; no conflict detected,Construction / installation / repair / field service,Likely complete enough for archive review,Unknown — never infer from award amount,Not modeled before archive/requirements gate,Unclassified pending sourcing,Not modeled before supplier pricing,85,0,Strikeout,Gate 6 — product/service exclusion,NO-BID / REJECT AT INTAKE,Moderate — official extract metadata; attachments not yet reconstructed,"Extract Active flag inconsistent with 2023-2024 closed deadline; verify notice version/archive directly. No separate additional-information link in extract. Award outcome is answer key, not pre-award pricing evidence.",66141
HOS01-052,95ff38fc0fd441b3945a53c0f38ba19a,W912P624R0009,https://sam.gov/workspace/contract/opp/95ff38fc0fd441b3945a53c0f38ba19a/view,Combined Synopsis/Solicitation,2024-06-28,2024-07-10,DEPT OF DEFENSE,DEPT OF THE ARMY,W072 ENDIST CHICAGO,"FACILITY MAINTENANCE SERVICES, LOCKPORT, WILL COUNTY, ILLINOIS","EFFECTIVE JUNE 28, 2024: The government has posted Amendment No. 0002 hereunder this Notice (please refer to the Attachments Section). ** EFFECTIVE JUNE 26, 2024: The government has posted Amendment No. 0001 hereunder this Notice (please refer to the Attachments Section). ** This is a combined Synopsis/Solicitation Notice for Commercial Items issued pursuant to the Federal Acquisition Regulation (FAR) Subpart 12.6. Under this notice, the U.S. Army Corps of Engineers, Chicago District (USACE) is issuing a Request for Proposals (RFP) for: FACILITY MAINTENANCE SERVICES, LOCKPORT, WILL COUNTY, ILLINOIS. The works involves the FACILITY MAINTENANCE SERVICES located at the Chicago Sanitary and Ship Canal (CSSC) Aquatic Nuisance Species facility buildings. The contractor shall furnish staff of experience, support equipment, and material of quantity to provide interior and exterior custodial/housekeeping; establish and maintain fire alarm monitoring, annual fire alarm, fire extinguishers, and fire suppression tank certification and testing; establish and maintain monthly interior and exterior pest control services, refuse services, and waste water tank services and other facility maintenanc",561210,S216,Total Small Business Set-Aside (FAR 19.5),Unknown pre-award; historical award is answer key,Service / mixed,Basic IT accessories and standard equipment,,Not recovered from extract,Unknown / direct record review required,Unknown — version history retrieval required,Unknown — archive retrieval required,Yes — embedded in official extract,https://sam.gov/workspace/contract/opp/95ff38fc0fd441b3945a53c0f38ba19a/view,null,,Not provided in extract outcome fields,Not indicated at solicitation intake,Potentially yes — direct solicitation notice,No evidence in extract; verify solicitation,Potentially yes — subject to active SAM registration and representations,Review required,Review exact product/NSN; no conflict detected,Construction / installation / repair / field service,Partial — attachments or detail retrieval required,Unknown — never infer from award amount,Not modeled before archive/requirements gate,Unclassified pending sourcing,Not modeled before supplier pricing,85,0,Strikeout,Gate 6 — product/service exclusion,NO-BID / REJECT AT INTAKE,Moderate — official extract metadata; attachments not yet reconstructed,"Extract Active flag inconsistent with 2023-2024 closed deadline; verify notice version/archive directly. No separate additional-information link in extract. Award outcome is answer key, not pre-award pricing evidence.",66111
HOS01-053,831a4797526041ce88a488dde35027f5,W912P624R0009,https://sam.gov/workspace/contract/opp/831a4797526041ce88a488dde35027f5/view,Combined Synopsis/Solicitation,2024-07-03,2024-07-10,DEPT OF DEFENSE,DEPT OF THE ARMY,W072 ENDIST CHICAGO,"FACILITY MAINTENANCE SERVICES, LOCKPORT, WILL COUNTY, ILLINOIS","EFFECTIVE JULY 3, 2024: The government has posted Amendment No. 0003 hereunder this Notice (please refer to the Attachments Section). ** EFFECTIVE JUNE 28, 2024: The government has posted Amendment No. 0002 hereunder this Notice (please refer to the Attachments Section). ** EFFECTIVE JUNE 26, 2024: The government has posted Amendment No. 0001 hereunder this Notice (please refer to the Attachments Section). ** This is a combined Synopsis/Solicitation Notice for Commercial Items issued pursuant to the Federal Acquisition Regulation (FAR) Subpart 12.6. Under this notice, the U.S. Army Corps of Engineers, Chicago District (USACE) is issuing a Request for Proposals (RFP) for: FACILITY MAINTENANCE SERVICES, LOCKPORT, WILL COUNTY, ILLINOIS. The works involves the FACILITY MAINTENANCE SERVICES located at the Chicago Sanitary and Ship Canal (CSSC) Aquatic Nuisance Species facility buildings. The contractor shall furnish staff of experience, support equipment, and material of quantity to provide interior and exterior custodial/housekeeping; establish and maintain fire alarm monitoring, annual fire alarm, fire extinguishers, and fire suppression tank certification and testing; establish and m",561210,S216,Total Small Business Set-Aside (FAR 19.5),Unknown pre-award; historical award is answer key,Service / mixed,Basic IT accessories and standard equipment,,Not recovered from extract,Unknown / direct record review required,Unknown — version history retrieval required,Unknown — archive retrieval required,Yes — embedded in official extract,https://sam.gov/workspace/contract/opp/831a4797526041ce88a488dde35027f5/view,null,,Not provided in extract outcome fields,Not indicated at solicitation intake,Potentially yes — direct solicitation notice,No evidence in extract; verify solicitation,Potentially yes — subject to active SAM registration and representations,Review required,Review exact product/NSN; no conflict detected,Construction / installation / repair / field service,Partial — attachments or detail retrieval required,Unknown — never infer from award amount,Not modeled before archive/requirements gate,Unclassified pending sourcing,Not modeled before supplier pricing,85,0,Strikeout,Gate 6 — product/service exclusion,NO-BID / REJECT AT INTAKE,Moderate — official extract metadata; attachments not yet reconstructed,"Extract Active flag inconsistent with 2023-2024 closed deadline; verify notice version/archive directly. No separate additional-information link in extract. Award outcome is answer key, not pre-award pricing evidence.",66073
HOS01-054,4cf9654f9ca64e679cec50c969055599,W912P624R0009,https://sam.gov/workspace/contract/opp/4cf9654f9ca64e679cec50c969055599/view,Combined Synopsis/Solicitation,2024-07-10,2024-07-12,DEPT OF DEFENSE,DEPT OF THE ARMY,W072 ENDIST CHICAGO,"FACILITY MAINTENANCE SERVICES, LOCKPORT, WILL COUNTY, ILLINOIS","EFFECTIVE JULY 10, 2024: The government has posted Amendment No. 0005 hereunder this Notice (please refer to the Attachments Section). Amendment No. 0005 revised the price schedule. ** EFFECTIVE JULY 10, 2024: The government has posted Amendment No. 0004 hereunder this Notice (please refer to the Attachments Section). Amendment No. 0004 extended the response due date. ** EFFECTIVE JULY 3, 2024: The government has posted Amendment No. 0003 hereunder this Notice (please refer to the Attachments Section). ** EFFECTIVE JUNE 28, 2024: The government has posted Amendment No. 0002 hereunder this Notice (please refer to the Attachments Section). ** EFFECTIVE JUNE 26, 2024: The government has posted Amendment No. 0001 hereunder this Notice (please refer to the Attachments Section). ** This is a combined Synopsis/Solicitation Notice for Commercial Items issued pursuant to the Federal Acquisition Regulation (FAR) Subpart 12.6. Under this notice, the U.S. Army Corps of Engineers, Chicago District (USACE) is issuing a Request for Proposals (RFP) for: FACILITY MAINTENANCE SERVICES, LOCKPORT, WILL COUNTY, ILLINOIS. The works involves the FACILITY MAINTENANCE SERVICES located at the Chicago Sanita",561210,S216,Total Small Business Set-Aside (FAR 19.5),Unknown pre-award; historical award is answer key,Service / mixed,Basic IT accessories and standard equipment,,Not recovered from extract,Unknown / direct record review required,Unknown — version history retrieval required,Unknown — archive retrieval required,Yes — embedded in official extract,https://sam.gov/workspace/contract/opp/4cf9654f9ca64e679cec50c969055599/view,null,,Not provided in extract outcome fields,Not indicated at solicitation intake,Potentially yes — direct solicitation notice,No evidence in extract; verify solicitation,Potentially yes — subject to active SAM registration and representations,Review required,Review exact product/NSN; no conflict detected,Construction / installation / repair / field service,Partial — attachments or detail retrieval required,Unknown — never infer from award amount,Not modeled before archive/requirements gate,Unclassified pending sourcing,Not modeled before supplier pricing,85,0,Strikeout,Gate 6 — product/service exclusion,NO-BID / REJECT AT INTAKE,Moderate — official extract metadata; attachments not yet reconstructed,"Extract Active flag inconsistent with 2023-2024 closed deadline; verify notice version/archive directly. No separate additional-information link in extract. Award outcome is answer key, not pre-award pricing evidence.",66013
HOS01-055,5ffbcdfc1ab540f2b5c39e7d5be1d81a,W912P624R0009,https://sam.gov/workspace/contract/opp/5ffbcdfc1ab540f2b5c39e7d5be1d81a/view,Combined Synopsis/Solicitation,2024-07-10,2024-07-12,DEPT OF DEFENSE,DEPT OF THE ARMY,W072 ENDIST CHICAGO,"FACILITY MAINTENANCE SERVICES, LOCKPORT, WILL COUNTY, ILLINOIS","EFFECTIVE JULY 10, 2024: The government has posted Amendment No. 0004 hereunder this Notice (please refer to the Attachments Section). ** EFFECTIVE JULY 3, 2024: The government has posted Amendment No. 0003 hereunder this Notice (please refer to the Attachments Section). ** EFFECTIVE JUNE 28, 2024: The government has posted Amendment No. 0002 hereunder this Notice (please refer to the Attachments Section). ** EFFECTIVE JUNE 26, 2024: The government has posted Amendment No. 0001 hereunder this Notice (please refer to the Attachments Section). ** This is a combined Synopsis/Solicitation Notice for Commercial Items issued pursuant to the Federal Acquisition Regulation (FAR) Subpart 12.6. Under this notice, the U.S. Army Corps of Engineers, Chicago District (USACE) is issuing a Request for Proposals (RFP) for: FACILITY MAINTENANCE SERVICES, LOCKPORT, WILL COUNTY, ILLINOIS. The works involves the FACILITY MAINTENANCE SERVICES located at the Chicago Sanitary and Ship Canal (CSSC) Aquatic Nuisance Species facility buildings. The contractor shall furnish staff of experience, support equipment, and material of quantity to provide interior and exterior custodial/housekeeping; establish and m",561210,S216,Total Small Business Set-Aside (FAR 19.5),Unknown pre-award; historical award is answer key,Service / mixed,Basic IT accessories and standard equipment,,Not recovered from extract,Unknown / direct record review required,Unknown — version history retrieval required,Unknown — archive retrieval required,Yes — embedded in official extract,https://sam.gov/workspace/contract/opp/5ffbcdfc1ab540f2b5c39e7d5be1d81a/view,null,,Not provided in extract outcome fields,Not indicated at solicitation intake,Potentially yes — direct solicitation notice,No evidence in extract; verify solicitation,Potentially yes — subject to active SAM registration and representations,Review required,Review exact product/NSN; no conflict detected,Construction / installation / repair / field service,Partial — attachments or detail retrieval required,Unknown — never infer from award amount,Not modeled before archive/requirements gate,Unclassified pending sourcing,Not modeled before supplier pricing,85,0,Strikeout,Gate 6 — product/service exclusion,NO-BID / REJECT AT INTAKE,Moderate — official extract metadata; attachments not yet reconstructed,"Extract Active flag inconsistent with 2023-2024 closed deadline; verify notice version/archive directly. No separate additional-information link in extract. Award outcome is answer key, not pre-award pricing evidence.",66026
HOS01-056,88274431297441b9adba843e359804bd,36C77022R0008,https://sam.gov/workspace/contract/opp/88274431297441b9adba843e359804bd/view,Solicitation,2024-07-17,2024-08-23,"VETERANS AFFAIRS, DEPARTMENT OF","VETERANS AFFAIRS, DEPARTMENT OF",NATIONAL CMOP OFFICE (36C770),Q517--Staffing Service Tucson,"Amendment 0006: The current due date for proposals of July 23, 2024 is hereby suspended until the Government issues an amendment answering the remaining questions. This amendment will establish the new proposal due date. Please see attached for details of this Amendment.",561210,Q517,Service-Disabled Veteran-Owned Small Business Set Aside,Unknown pre-award; historical award is answer key,Service / mixed,Mixed control,"Tucson, AZ, 85706, USA","Tucson, AZ, 85706, USA",Unknown / direct record review required,Unknown — version history retrieval required,Unknown — archive retrieval required,Yes — embedded in official extract,https://sam.gov/workspace/contract/opp/88274431297441b9adba843e359804bd/view,null,,Not provided in extract outcome fields,Not indicated at solicitation intake,Potentially yes — direct solicitation notice,No evidence in extract; verify solicitation,No — socioeconomic set-aside not held by GGG,Review required,Review exact product/NSN; no conflict detected,Rental / lease,Partial — attachments or detail retrieval required,Unknown — never infer from award amount,Not modeled before archive/requirements gate,Unclassified pending sourcing,Not modeled before supplier pricing,45,0,Strikeout,Gate 4 — GGG eligibility,NO-BID / REJECT AT INTAKE,Moderate — official extract metadata; attachments not yet reconstructed,"Extract Active flag inconsistent with 2023-2024 closed deadline; verify notice version/archive directly. No separate additional-information link in extract. Award outcome is answer key, not pre-award pricing evidence.",65945
HOS01-057,1021a23f9bfe461086cb4b17e9bb950c,W912P624B0009,https://sam.gov/workspace/contract/opp/1021a23f9bfe461086cb4b17e9bb950c/view,Solicitation,2024-07-23,2024-07-26,DEPT OF DEFENSE,DEPT OF THE ARMY,W072 ENDIST CHICAGO,"Town of Hebron Water Main Replacement, Hebron, Porter County, Indiana (USACE Acquisition)","VIRTUAL BID OPENING INFORMATION: THE VIRTUAL BID OPENING WILL BE CONDUCTED ON JULY 26, 2024 AT 2:00 P.M. (CENTRAL TIME). AT THE DESIGNATED DAY AND TIME, PLEASE JOIN BY: MEETING LINK: https://usace1.webex.com/usace1/j.php?MTID=m5c1427a42f9475dd6e6c01faa745483b. Meeting Number (access code): 2830 245 7770. Meeting Password: Qk2XJJne4@2. OR, JOIN BY PHONE: 1-844-800-2712 US Toll Free, 1-669-234-1177 US Toll. Access Code: 2830 245 7770. Conf ID: press the # sign. ** EFFECTIVE JULY 23, 2024: The government has posted Amendment No. 0001 hereunder this Notice (please refer to the Attachments Section). ** Under this Solicitation Notice, the United States Army Corps of Engineers - Chicago District issues Solicitation No. W912P624B0009 for bidding purposes. Therefore, provided hereunder is the relevant bid package for its construction project entitled, Town of Hebron Water Main Replacement, Hebron, Porter County, Indiana (USACE Acquisition). PROJECT INFORMATION: The work includes installing approximately 2,900 linear feet of new 8-inch PVC watermain by open-cut excavation and approximately 900 linear feet of horizontally directional drilled 8-inch PVC. Work w ill also include approximately 9",237110,Y1PZ,Total Small Business Set-Aside (FAR 19.5),Unknown pre-award; historical award is answer key,Service / mixed,MRO tools and commercial hardware,,Not recovered from extract,Unknown / direct record review required,Unknown — version history retrieval required,Unknown — archive retrieval required,Yes — embedded in official extract,https://sam.gov/workspace/contract/opp/1021a23f9bfe461086cb4b17e9bb950c/view,null,,Not provided in extract outcome fields,Not indicated at solicitation intake,Potentially yes — direct solicitation notice,No evidence in extract; verify solicitation,Potentially yes — subject to active SAM registration and representations,Review required,Review exact product/NSN; no conflict detected,Construction / installation / repair / field service,Likely complete enough for archive review,Unknown — never infer from award amount,Not modeled before archive/requirements gate,Unclassified pending sourcing,Not modeled before supplier pricing,85,0,Strikeout,Gate 6 — product/service exclusion,NO-BID / REJECT AT INTAKE,Moderate — official extract metadata; attachments not yet reconstructed,"Extract Active flag inconsistent with 2023-2024 closed deadline; verify notice version/archive directly. No separate additional-information link in extract. Award outcome is answer key, not pre-award pricing evidence.",65906
HOS01-058,96a703a8ac8b4cfe84dfb65ba39b83cf,W912P624B0009,https://sam.gov/workspace/contract/opp/96a703a8ac8b4cfe84dfb65ba39b83cf/view,Solicitation,2024-07-26,2024-07-26,DEPT OF DEFENSE,DEPT OF THE ARMY,W072 ENDIST CHICAGO,"Town of Hebron Water Main Replacement, Hebron, Porter County, Indiana (USACE Acquisition)","** EFFECTIVE JULY 26, 2024: The government has attached the Bid Opening Results (please refer to the Attachments Section of this Notice).** ***** TIME OF BID SUBMISSION: Bids are required one hour prior the time specified on Page 1 of this Solicitation, Block #13a. Please note, FAR Subpart 14.302 Bid submission; Bids shall be submitted so that they will be received in the office designated in the invitation for bids not later than the exact time set for opening of bids. ***** VIRTUAL BID OPENING INFORMATION: THE VIRTUAL BID OPENING WILL BE CONDUCTED ON JULY 26, 2024 AT 2:00 P.M. (CENTRAL TIME). AT THE DESIGNATED DAY AND TIME, PLEASE JOIN BY: MEETING LINK: https://usace1.webex.com/usace1/j.php?MTID=m5c1427a42f9475dd6e6c01faa745483b. Meeting Number (access code): 2830 245 7770. Meeting Password: Qk2XJJne4@2. OR, JOIN BY PHONE: 1-844-800-2712 US Toll Free, 1-669-234-1177 US Toll. Access Code: 2830 245 7770. Conf ID: press the # sign. ** EFFECTIVE JULY 23, 2024: The government has posted Amendment No. 0001 hereunder this Notice (please refer to the Attachments Section). ** Under this Solicitation Notice, the United States Army Corps of Engineers - Chicago District issues Solicitation N",237110,Y1PZ,Total Small Business Set-Aside (FAR 19.5),Unknown pre-award; historical award is answer key,Service / mixed,MRO tools and commercial hardware,,Not recovered from extract,Unknown / direct record review required,Unknown — version history retrieval required,Unknown — archive retrieval required,Yes — embedded in official extract,https://sam.gov/workspace/contract/opp/96a703a8ac8b4cfe84dfb65ba39b83cf/view,null,,Not provided in extract outcome fields,Not indicated at solicitation intake,Potentially yes — direct solicitation notice,No evidence in extract; verify solicitation,Potentially yes — subject to active SAM registration and representations,Review required,Review exact product/NSN; no conflict detected,Construction / installation / repair / field service,Likely complete enough for archive review,Unknown — never infer from award amount,Not modeled before archive/requirements gate,Unclassified pending sourcing,Not modeled before supplier pricing,85,0,Strikeout,Gate 6 — product/service exclusion,NO-BID / REJECT AT INTAKE,Moderate — official extract metadata; attachments not yet reconstructed,"Extract Active flag inconsistent with 2023-2024 closed deadline; verify notice version/archive directly. No separate additional-information link in extract. Award outcome is answer key, not pre-award pricing evidence.",65873
HOS01-059,b4d1d577e3a24c8bab3b01add4c4234b,W912P624B0009,https://sam.gov/workspace/contract/opp/b4d1d577e3a24c8bab3b01add4c4234b/view,Solicitation,2024-07-26,2024-07-26,DEPT OF DEFENSE,DEPT OF THE ARMY,W072 ENDIST CHICAGO,"Town of Hebron Water Main Replacement, Hebron, Porter County, Indiana (USACE Acquisition)","*****TIME OF BID SUBMISSION: Bids are required one hour prior the time specified on Page 1 of this Solicitation, Block #13a. Please note, FAR Subpart 14.302 Bid submission; Bids shall be submitted so that they will be received in the office designated in the invitation for bids not later than the exact time set for opening of bids.***** VIRTUAL BID OPENING INFORMATION: THE VIRTUAL BID OPENING WILL BE CONDUCTED ON JULY 26, 2024 AT 2:00 P.M. (CENTRAL TIME). AT THE DESIGNATED DAY AND TIME, PLEASE JOIN BY: MEETING LINK: https://usace1.webex.com/usace1/j.php?MTID=m5c1427a42f9475dd6e6c01faa745483b. Meeting Number (access code): 2830 245 7770. Meeting Password: Qk2XJJne4@2. OR, JOIN BY PHONE: 1-844-800-2712 US Toll Free, 1-669-234-1177 US Toll. Access Code: 2830 245 7770. Conf ID: press the # sign. ** EFFECTIVE JULY 23, 2024: The government has posted Amendment No. 0001 hereunder this Notice (please refer to the Attachments Section). ** Under this Solicitation Notice, the United States Army Corps of Engineers - Chicago District issues Solicitation No. W912P624B0009 for bidding purposes. Therefore, provided hereunder is the relevant bid package for its construction project entitled, Town o",237110,Y1PZ,Total Small Business Set-Aside (FAR 19.5),Unknown pre-award; historical award is answer key,Service / mixed,MRO tools and commercial hardware,,Not recovered from extract,Unknown / direct record review required,Unknown — version history retrieval required,Unknown — archive retrieval required,Yes — embedded in official extract,https://sam.gov/workspace/contract/opp/b4d1d577e3a24c8bab3b01add4c4234b/view,null,,Not provided in extract outcome fields,Not indicated at solicitation intake,Potentially yes — direct solicitation notice,No evidence in extract; verify solicitation,Potentially yes — subject to active SAM registration and representations,Review required,Review exact product/NSN; no conflict detected,Construction / installation / repair / field service,Likely complete enough for archive review,Unknown — never infer from award amount,Not modeled before archive/requirements gate,Unclassified pending sourcing,Not modeled before supplier pricing,85,0,Strikeout,Gate 6 — product/service exclusion,NO-BID / REJECT AT INTAKE,Moderate — official extract metadata; attachments not yet reconstructed,"Extract Active flag inconsistent with 2023-2024 closed deadline; verify notice version/archive directly. No separate additional-information link in extract. Award outcome is answer key, not pre-award pricing evidence.",65881
HOS01-060,794afbe66bb147f3b91ac90d99720d55,W9126G24R2400,https://sam.gov/workspace/contract/opp/794afbe66bb147f3b91ac90d99720d55/view,Solicitation,2024-08-12,2024-09-12,DEPT OF DEFENSE,DEPT OF THE ARMY,W076 ENDIST FT WORTH,"Regional Vertical Contruction Small Business (SB) MATOC, Install PTAC Units on Living Quarters (1005, 1004, 1006, 11332 Buildings) Fort Bliss, TX.",Login at https://piee.eb.mil and search for 'W9126G24R2400' to obtain more details.*,236220,Z2FC,Total Small Business Set-Aside (FAR 19.5),Unknown pre-award; historical award is answer key,Service / mixed,Mixed control,,Not recovered from extract,Unknown / direct record review required,Unknown — version history retrieval required,Unknown — archive retrieval required,Yes — embedded in official extract,https://sam.gov/workspace/contract/opp/794afbe66bb147f3b91ac90d99720d55/view,null,,Not provided in extract outcome fields,Not indicated at solicitation intake,Potentially yes — direct solicitation notice,No evidence in extract; verify solicitation,Potentially yes — subject to active SAM registration and representations,Review required,Review exact product/NSN; no conflict detected,Construction / installation / repair / field service,Incomplete from extract,Unknown — never infer from award amount,Not modeled before archive/requirements gate,Unclassified pending sourcing,Not modeled before supplier pricing,85,0,Strikeout,Gate 6 — product/service exclusion,NO-BID / REJECT AT INTAKE,Moderate — official extract metadata; attachments not yet reconstructed,"Extract Active flag inconsistent with 2023-2024 closed deadline; verify notice version/archive directly. No separate additional-information link in extract. Award outcome is answer key, not pre-award pricing evidence.",65736
HOS01-061,07e9340520f6484ab7565ec0eb1f56fe,36C77022R0008,https://sam.gov/workspace/contract/opp/07e9340520f6484ab7565ec0eb1f56fe/view,Solicitation,2024-08-19,2024-09-30,"VETERANS AFFAIRS, DEPARTMENT OF","VETERANS AFFAIRS, DEPARTMENT OF",NATIONAL CMOP OFFICE (36C770),Q517--Staffing Service Tucson,The current due date for proposals will remain suspended until the Government issues an amendment answering the remaining questions. This amendment will establish the new proposal due date..,561210,Q517,Service-Disabled Veteran-Owned Small Business Set Aside,Unknown pre-award; historical award is answer key,Service / mixed,Mixed control,"Tucson, AZ, 85706, USA","Tucson, AZ, 85706, USA",Unknown / direct record review required,Unknown — version history retrieval required,Unknown — archive retrieval required,Yes — embedded in official extract,https://sam.gov/workspace/contract/opp/07e9340520f6484ab7565ec0eb1f56fe/view,null,,Not provided in extract outcome fields,Not indicated at solicitation intake,Potentially yes — direct solicitation notice,No evidence in extract; verify solicitation,No — socioeconomic set-aside not held by GGG,Review required,Review exact product/NSN; no conflict detected,Rental / lease,Incomplete from extract,Unknown — never infer from award amount,Not modeled before archive/requirements gate,Unclassified pending sourcing,Not modeled before supplier pricing,45,0,Strikeout,Gate 4 — GGG eligibility,NO-BID / REJECT AT INTAKE,Moderate — official extract metadata; attachments not yet reconstructed,"Extract Active flag inconsistent with 2023-2024 closed deadline; verify notice version/archive directly. No separate additional-information link in extract. Award outcome is answer key, not pre-award pricing evidence.",65691
HOS01-062,67cabfec26594f99a0b9fa5b2a00ce85,W912P624B0016,https://sam.gov/workspace/contract/opp/67cabfec26594f99a0b9fa5b2a00ce85/view,Solicitation,2024-08-19,2024-09-18,DEPT OF DEFENSE,DEPT OF THE ARMY,W072 ENDIST CHICAGO,"SOLICITATION W912P624B0016 VILLAGE OF EAST HAZEL CREST STORMWATER IMPROVEMENTS, EAST HAZEL CREST, COOK COUNTY, ILLINOIS (USACE ACQUISITION)","Under this Solicitation, the United States Army Corps of Engineers - Chicago District issues Solicitation No. W912P624B0016 for bidding purposes. Therefore, provided hereunder is the relevant bid package for its construction project entitled, Village of East Hazel Crest Stormwater Improvements, East Hazel Crest, Cook County, Illinois (USACE Acquisition). PROJECT INFORMATION: The project work includes the replacement of earthen drainage ditches with underground concrete box culverts. The Base work includes the installation of 417 linear feet of 4 feet x 2 feet concrete box culvert. Option 1 includes installing 229 linear feet of 4 feet x 2 feet concrete box culvert and 130 linear feet of 6 feet x 2 feet box culvert. Option 2 includes the installation of 646 linear feet of 6 feet x 2 feet concrete box culvert. CONTRACTING OFFICE: USACE Chicago District, 231 SOUTH LaSALLE STREET, SUITE 1500, Chicago, IL 60604. ACQUISITION INFORMATION: Competition for this acquisition is RESERVED EXCLUSIVELY for Small Business Concerns. The North American Industry System Classification Code is 237110, with a small business size standard in dollars of $45.0 Million. The magnitude of cost for constructio",237110,Y1PZ,Total Small Business Set-Aside (FAR 19.5),Unknown pre-award; historical award is answer key,Service / mixed,MRO tools and commercial hardware,,Not recovered from extract,Unknown / direct record review required,Unknown — version history retrieval required,Unknown — archive retrieval required,Yes — embedded in official extract,https://sam.gov/workspace/contract/opp/67cabfec26594f99a0b9fa5b2a00ce85/view,null,,Not provided in extract outcome fields,Not indicated at solicitation intake,Potentially yes — direct solicitation notice,No evidence in extract; verify solicitation,Potentially yes — subject to active SAM registration and representations,Review required,Review exact product/NSN; no conflict detected,Construction / installation / repair / field service,Likely complete enough for archive review,Unknown — never infer from award amount,Not modeled before archive/requirements gate,Unclassified pending sourcing,Not modeled before supplier pricing,85,0,Strikeout,Gate 6 — product/service exclusion,NO-BID / REJECT AT INTAKE,Moderate — official extract metadata; attachments not yet reconstructed,"Extract Active flag inconsistent with 2023-2024 closed deadline; verify notice version/archive directly. No separate additional-information link in extract. Award outcome is answer key, not pre-award pricing evidence.",65692
HOS01-063,b5b32ef39cee4effb6b0f4bbb59a42b4,W912P624B0016,https://sam.gov/workspace/contract/opp/b5b32ef39cee4effb6b0f4bbb59a42b4/view,Solicitation,2024-08-20,2024-09-18,DEPT OF DEFENSE,DEPT OF THE ARMY,W072 ENDIST CHICAGO,"SOLICITATION W912P624B0016 VILLAGE OF EAST HAZEL CREST STORMWATER IMPROVEMENTS, EAST HAZEL CREST, COOK COUNTY, ILLINOIS (USACE ACQUISITION)","EFFECTIVE AUGUST 20, 2024: The government has posted Amendment No. 0001 hereunder this Notice (please refer to the Attachments Section). ** Under this Solicitation, the United States Army Corps of Engineers - Chicago District issues Solicitation No. W912P624B0016 for bidding purposes. Therefore, provided hereunder is the relevant bid package for its construction project entitled, Village of East Hazel Crest Stormwater Improvements, East Hazel Crest, Cook County, Illinois (USACE Acquisition). PROJECT INFORMATION: The project work includes the replacement of earthen drainage ditches with underground concrete box culverts. The Base work includes the installation of 417 linear feet of 4 feet x 2 feet concrete box culvert. Option 1 includes installing 229 linear feet of 4 feet x 2 feet concrete box culvert and 130 linear feet of 6 feet x 2 feet box culvert. Option 2 includes the installation of 646 linear feet of 6 feet x 2 feet concrete box culvert. CONTRACTING OFFICE: USACE Chicago District, 231 SOUTH LaSALLE STREET, SUITE 1500, Chicago, IL 60604. ACQUISITION INFORMATION: Competition for this acquisition is RESERVED EXCLUSIVELY for Small Business Concerns. The North American Industry ",237110,Y1PZ,Total Small Business Set-Aside (FAR 19.5),Unknown pre-award; historical award is answer key,Service / mixed,MRO tools and commercial hardware,,Not recovered from extract,Unknown / direct record review required,Unknown — version history retrieval required,Unknown — archive retrieval required,Yes — embedded in official extract,https://sam.gov/workspace/contract/opp/b5b32ef39cee4effb6b0f4bbb59a42b4/view,null,,Not provided in extract outcome fields,Not indicated at solicitation intake,Potentially yes — direct solicitation notice,No evidence in extract; verify solicitation,Potentially yes — subject to active SAM registration and representations,Review required,Review exact product/NSN; no conflict detected,Construction / installation / repair / field service,Likely complete enough for archive review,Unknown — never infer from award amount,Not modeled before archive/requirements gate,Unclassified pending sourcing,Not modeled before supplier pricing,85,0,Strikeout,Gate 6 — product/service exclusion,NO-BID / REJECT AT INTAKE,Moderate — official extract metadata; attachments not yet reconstructed,"Extract Active flag inconsistent with 2023-2024 closed deadline; verify notice version/archive directly. No separate additional-information link in extract. Award outcome is answer key, not pre-award pricing evidence.",65681
HOS01-064,52becf190e4f417ba6058af6346c1554,W912P624R0013,https://sam.gov/workspace/contract/opp/52becf190e4f417ba6058af6346c1554/view,Solicitation,2024-08-23,2024-09-10,DEPT OF DEFENSE,DEPT OF THE ARMY,W072 ENDIST CHICAGO,Chicago Harbor Lock Control Stands Rehab,"The purpose of this Contract is restoring the exterior and interiors of four control stands and one maintenance shop/tool room at the Chicago Harbor Lock (CHL) located at 108 N Streeter Dr, Chicago, IL 60611",238990,Y1EB,,Unknown pre-award; historical award is answer key,Product,MRO tools and commercial hardware,,Not recovered from extract,Unknown / direct record review required,Unknown — version history retrieval required,Unknown — archive retrieval required,Yes — embedded in official extract,https://sam.gov/workspace/contract/opp/52becf190e4f417ba6058af6346c1554/view,null,,Not provided in extract outcome fields,Not indicated at solicitation intake,Potentially yes — direct solicitation notice,No evidence in extract; verify solicitation,Potentially yes — subject to active SAM registration and representations,Review required,Review exact product/NSN; no conflict detected,Pass / no automatic exclusion detected,Incomplete from extract,Unknown — never infer from award amount,Not modeled before archive/requirements gate,Unclassified pending sourcing,Not modeled before supplier pricing,85,65,Strikeout,Gate 7 — requirement completeness,NO-BID / REJECT AT INTAKE,Moderate — official extract metadata; attachments not yet reconstructed,"Extract Active flag inconsistent with 2023-2024 closed deadline; verify notice version/archive directly. No separate additional-information link in extract. Award outcome is answer key, not pre-award pricing evidence.",65626
HOS01-065,5e3c7fb7ac634cf09e821007c9bfb61d,W9126G24R2400,https://sam.gov/workspace/contract/opp/5e3c7fb7ac634cf09e821007c9bfb61d/view,Solicitation,2024-08-30,2024-09-12,DEPT OF DEFENSE,DEPT OF THE ARMY,W076 ENDIST FT WORTH,"Amendment #0001 Regional Vertical Contruction Small Business (SB) MATOC, Install PTAC Units on Living Quarters (1005, 1004, 1006, 11332 Buildings) Fort Bliss, TX.",Login at https://piee.eb.mil and search for 'W9126G24R2400' to obtain more details.*,236220,Z2FC,Total Small Business Set-Aside (FAR 19.5),Unknown pre-award; historical award is answer key,Service / mixed,Mixed control,,Not recovered from extract,Unknown / direct record review required,Unknown — version history retrieval required,Unknown — archive retrieval required,Yes — embedded in official extract,https://sam.gov/workspace/contract/opp/5e3c7fb7ac634cf09e821007c9bfb61d/view,null,,Not provided in extract outcome fields,Not indicated at solicitation intake,Potentially yes — direct solicitation notice,No evidence in extract; verify solicitation,Potentially yes — subject to active SAM registration and representations,Review required,Review exact product/NSN; no conflict detected,Construction / installation / repair / field service,Incomplete from extract,Unknown — never infer from award amount,Not modeled before archive/requirements gate,Unclassified pending sourcing,Not modeled before supplier pricing,85,0,Strikeout,Gate 6 — product/service exclusion,NO-BID / REJECT AT INTAKE,Moderate — official extract metadata; attachments not yet reconstructed,"Extract Active flag inconsistent with 2023-2024 closed deadline; verify notice version/archive directly. No separate additional-information link in extract. Award outcome is answer key, not pre-award pricing evidence.",65576
HOS01-066,8fcd70b3f3c54343a349a879d41600f4,W912P624Q0033,https://sam.gov/workspace/contract/opp/8fcd70b3f3c54343a349a879d41600f4/view,Combined Synopsis/Solicitation,2024-09-03,2024-09-18,DEPT OF DEFENSE,DEPT OF THE ARMY,W072 ENDIST CHICAGO,"Solicitation W912P624Q0033 Chicago Harbor Lock Security System Upgrade, Chicago, Cook County, Illinois","This is a Combined Synopsis/Solicitation Notice for commercial items issued pursuant to FAR Subpart 12. Under this notice, the U.S. Army Corps of Engineers, Chicago District (USACE) is issuing a Request for Quotations (RFQ) for: CHICAGO HARBOR LOCK SECURITY SYSTEM UPGRADE. GOVERNMENT REQUIREMENT: This acquisition is pursuant to the provisions set forth by Part 12 of the Federal Acquisition Regulation, Commercial Items. In this acquisition, the contractor shall supply and deliver Security Cameras and Network Video Recorders for the Chicago Harbor Lock, Chicago, Cook County, Illinois in accordance with the enclosed statement of work. Pricing shall include parts, materials, deliveries, and any incidentals to perform the entire work described in the statement of work. Competition for this acquisition is RESTRICTED TO SMALL BUSINESSES. AN OFFEROR MUST HAVE AN ACTIVE REGISTRATION IN THE SYSTEM FORAWARD MANAGEMENT WHEN PLACING AN OFFER/QUOTATION PACKAGE FORTHIS ACQUISITION. REGISTRATION CAN BE COMPLETED FREE OF CHARGE ATwww.sam.gov. The applicable Size Standard is North American Industry Classification System(NAICS) Code 561621 with a Small Business size standard of $25M. SUBMITTAL DUE DA",561621,5810,Total Small Business Set-Aside (FAR 19.5),Unknown pre-award; historical award is answer key,Product,MRO tools and commercial hardware,,Not recovered from extract,Unknown / direct record review required,Unknown — version history retrieval required,Unknown — archive retrieval required,Yes — embedded in official extract,https://sam.gov/workspace/contract/opp/8fcd70b3f3c54343a349a879d41600f4/view,null,,Not provided in extract outcome fields,Not indicated at solicitation intake,Potentially yes — direct solicitation notice,No evidence in extract; verify solicitation,Potentially yes — subject to active SAM registration and representations,Review required,Review exact product/NSN; no conflict detected,Pass / no automatic exclusion detected,Partial — attachments or detail retrieval required,Unknown — never infer from award amount,Not modeled before archive/requirements gate,Unclassified pending sourcing,Not modeled before supplier pricing,85,70,Double,Passes preliminary metadata gates — archive review required,REVIEW,Moderate — official extract metadata; attachments not yet reconstructed,"Extract Active flag inconsistent with 2023-2024 closed deadline; verify notice version/archive directly. No separate additional-information link in extract. Award outcome is answer key, not pre-award pricing evidence.",65560
HOS01-067,be9f90f67b12428a83b11f454d1ab2e7,W912P624Q0033,https://sam.gov/workspace/contract/opp/be9f90f67b12428a83b11f454d1ab2e7/view,Combined Synopsis/Solicitation,2024-09-06,2024-09-18,DEPT OF DEFENSE,DEPT OF THE ARMY,W072 ENDIST CHICAGO,"Solicitation W912P624Q0033 Chicago Harbor Lock Security System Upgrade, Chicago, Cook County, Illinois","EFFECTIVE SEPTEMBER 6, 2024: The government has posted Amendment No. 0001 hereunder this Notice (please refer to the Attachments Section). ** This is a Combined Synopsis/Solicitation Notice for commercial items issued pursuant to FAR Subpart 12. Under this notice, the U.S. Army Corps of Engineers, Chicago District (USACE) is issuing a Request for Quotations (RFQ) for: CHICAGO HARBOR LOCK SECURITY SYSTEM UPGRADE. GOVERNMENT REQUIREMENT: This acquisition is pursuant to the provisions set forth by Part 12 of the Federal Acquisition Regulation, Commercial Items. In this acquisition, the contractor shall supply and deliver Security Cameras and Network Video Recorders for the Chicago Harbor Lock, Chicago, Cook County, Illinois in accordance with the enclosed statement of work. Pricing shall include parts, materials, deliveries, and any incidentals to perform the entire work described in the statement of work. Competition for this acquisition is RESTRICTED TO SMALL BUSINESSES. AN OFFEROR MUST HAVE AN ACTIVE REGISTRATION IN THE SYSTEM FORAWARD MANAGEMENT WHEN PLACING AN OFFER/QUOTATION PACKAGE FORTHIS ACQUISITION. REGISTRATION CAN BE COMPLETED FREE OF CHARGE ATwww.sam.gov. The applicable S",561621,5810,Total Small Business Set-Aside (FAR 19.5),Unknown pre-award; historical award is answer key,Service / mixed,MRO tools and commercial hardware,,Not recovered from extract,Unknown / direct record review required,Unknown — version history retrieval required,Unknown — archive retrieval required,Yes — embedded in official extract,https://sam.gov/workspace/contract/opp/be9f90f67b12428a83b11f454d1ab2e7/view,null,,Not provided in extract outcome fields,Not indicated at solicitation intake,Potentially yes — direct solicitation notice,No evidence in extract; verify solicitation,Potentially yes — subject to active SAM registration and representations,Review required,Review exact product/NSN; no conflict detected,Rental / lease,Partial — attachments or detail retrieval required,Unknown — never infer from award amount,Not modeled before archive/requirements gate,Unclassified pending sourcing,Not modeled before supplier pricing,85,0,Strikeout,Gate 6 — product/service exclusion,NO-BID / REJECT AT INTAKE,Moderate — official extract metadata; attachments not yet reconstructed,"Extract Active flag inconsistent with 2023-2024 closed deadline; verify notice version/archive directly. No separate additional-information link in extract. Award outcome is answer key, not pre-award pricing evidence.",65527
HOS01-068,39bba71ccbe54bc79100795b5b01b391,W912P624R0013,https://sam.gov/workspace/contract/opp/39bba71ccbe54bc79100795b5b01b391/view,Solicitation,2024-09-10,2024-09-18,DEPT OF DEFENSE,DEPT OF THE ARMY,W072 ENDIST CHICAGO,Chicago Harbor Lock Control Stands Rehab,"The purpose of this Contract is restoring the exterior and interiors of four control stands and one maintenance shop/tool room at the Chicago Harbor Lock (CHL) located at 108 N Streeter Dr, Chicago, IL 60611",238990,Y1EB,Total Small Business Set-Aside (FAR 19.5),Unknown pre-award; historical award is answer key,Product,MRO tools and commercial hardware,,Not recovered from extract,Unknown / direct record review required,Unknown — version history retrieval required,Unknown — archive retrieval required,Yes — embedded in official extract,https://sam.gov/workspace/contract/opp/39bba71ccbe54bc79100795b5b01b391/view,null,,Not provided in extract outcome fields,Not indicated at solicitation intake,Potentially yes — direct solicitation notice,No evidence in extract; verify solicitation,Potentially yes — subject to active SAM registration and representations,Review required,Review exact product/NSN; no conflict detected,Pass / no automatic exclusion detected,Incomplete from extract,Unknown — never infer from award amount,Not modeled before archive/requirements gate,Unclassified pending sourcing,Not modeled before supplier pricing,85,65,Strikeout,Gate 7 — requirement completeness,NO-BID / REJECT AT INTAKE,Moderate — official extract metadata; attachments not yet reconstructed,"Extract Active flag inconsistent with 2023-2024 closed deadline; verify notice version/archive directly. No separate additional-information link in extract. Award outcome is answer key, not pre-award pricing evidence.",65503
HOS01-069,a667212be3c942d68b3b58a495ae38f7,W9126G24R2400,https://sam.gov/workspace/contract/opp/a667212be3c942d68b3b58a495ae38f7/view,Solicitation,2024-09-11,2024-09-13,DEPT OF DEFENSE,DEPT OF THE ARMY,W076 ENDIST FT WORTH,"Amendment #0002 Regional Vertical Contruction Small Business (SB) MATOC, Install PTAC Units on Living Quarters (1005, 1004, 1006, 11332 Buildings) Fort Bliss, TX.",Login at https://piee.eb.mil and search for 'W9126G24R2400' to obtain more details.*,236220,Z2FC,Total Small Business Set-Aside (FAR 19.5),Unknown pre-award; historical award is answer key,Service / mixed,Mixed control,,Not recovered from extract,Unknown / direct record review required,Unknown — version history retrieval required,Unknown — archive retrieval required,Yes — embedded in official extract,https://sam.gov/workspace/contract/opp/a667212be3c942d68b3b58a495ae38f7/view,null,,Not provided in extract outcome fields,Not indicated at solicitation intake,Potentially yes — direct solicitation notice,No evidence in extract; verify solicitation,Potentially yes — subject to active SAM registration and representations,Review required,Review exact product/NSN; no conflict detected,Construction / installation / repair / field service,Incomplete from extract,Unknown — never infer from award amount,Not modeled before archive/requirements gate,Unclassified pending sourcing,Not modeled before supplier pricing,85,0,Strikeout,Gate 6 — product/service exclusion,NO-BID / REJECT AT INTAKE,Moderate — official extract metadata; attachments not yet reconstructed,"Extract Active flag inconsistent with 2023-2024 closed deadline; verify notice version/archive directly. No separate additional-information link in extract. Award outcome is answer key, not pre-award pricing evidence.",65476
HOS01-070,3e9cd7f21e024cc48860d9a69578dc92,W9126G24R2400,https://sam.gov/workspace/contract/opp/3e9cd7f21e024cc48860d9a69578dc92/view,Solicitation,2024-09-13,2024-09-13,DEPT OF DEFENSE,DEPT OF THE ARMY,W076 ENDIST FT WORTH,"Amendment #0003 Regional Vertical Contruction Small Business (SB) MATOC, Install PTAC Units on Living Quarters (1005, 1004, 1006, 11332 Buildings) Fort Bliss, TX.",Login at https://piee.eb.mil and search for 'W9126G24R2400' to obtain more details.*,236220,Z2FC,Total Small Business Set-Aside (FAR 19.5),Unknown pre-award; historical award is answer key,Service / mixed,Mixed control,,Not recovered from extract,Unknown / direct record review required,Unknown — version history retrieval required,Unknown — archive retrieval required,Yes — embedded in official extract,https://sam.gov/workspace/contract/opp/3e9cd7f21e024cc48860d9a69578dc92/view,null,,Not provided in extract outcome fields,Not indicated at solicitation intake,Potentially yes — direct solicitation notice,No evidence in extract; verify solicitation,Potentially yes — subject to active SAM registration and representations,Review required,Review exact product/NSN; no conflict detected,Construction / installation / repair / field service,Incomplete from extract,Unknown — never infer from award amount,Not modeled before archive/requirements gate,Unclassified pending sourcing,Not modeled before supplier pricing,85,0,Strikeout,Gate 6 — product/service exclusion,NO-BID / REJECT AT INTAKE,Moderate — official extract metadata; attachments not yet reconstructed,"Extract Active flag inconsistent with 2023-2024 closed deadline; verify notice version/archive directly. No separate additional-information link in extract. Award outcome is answer key, not pre-award pricing evidence.",65453
HOS01-071,6a3761fa707a47659ee8506a8357e450,W912P624B0016,https://sam.gov/workspace/contract/opp/6a3761fa707a47659ee8506a8357e450/view,Solicitation,2024-09-16,2024-09-19,DEPT OF DEFENSE,DEPT OF THE ARMY,W072 ENDIST CHICAGO,"SOLICITATION W912P624B0016 VILLAGE OF EAST HAZEL CREST STORMWATER IMPROVEMENTS, EAST HAZEL CREST, COOK COUNTY, ILLINOIS (USACE ACQUISITION)","EFFECTIVE SEPTEMBER 16, 2024: The government has posted Amendment No. 0002 hereunder this Notice (please refer to the Attachments Section). ** EFFECTIVE AUGUST 20, 2024: The government has posted Amendment No. 0001 hereunder this Notice (please refer to the Attachments Section). ** Under this Solicitation, the United States Army Corps of Engineers - Chicago District issues Solicitation No. W912P624B0016 for bidding purposes. Therefore, provided hereunder is the relevant bid package for its construction project entitled, Village of East Hazel Crest Stormwater Improvements, East Hazel Crest, Cook County, Illinois (USACE Acquisition). PROJECT INFORMATION: The project work includes the replacement of earthen drainage ditches with underground concrete box culverts. The Base work includes the installation of 417 linear feet of 4 feet x 2 feet concrete box culvert. Option 1 includes installing 229 linear feet of 4 feet x 2 feet concrete box culvert and 130 linear feet of 6 feet x 2 feet box culvert. Option 2 includes the installation of 646 linear feet of 6 feet x 2 feet concrete box culvert. CONTRACTING OFFICE: USACE Chicago District, 231 SOUTH LaSALLE STREET, SUITE 1500, Chicago, IL 606",237110,Y1PZ,Total Small Business Set-Aside (FAR 19.5),Unknown pre-award; historical award is answer key,Service / mixed,MRO tools and commercial hardware,,Not recovered from extract,Unknown / direct record review required,Unknown — version history retrieval required,Unknown — archive retrieval required,Yes — embedded in official extract,https://sam.gov/workspace/contract/opp/6a3761fa707a47659ee8506a8357e450/view,null,,Not provided in extract outcome fields,Not indicated at solicitation intake,Potentially yes — direct solicitation notice,No evidence in extract; verify solicitation,Potentially yes — subject to active SAM registration and representations,Review required,Review exact product/NSN; no conflict detected,Construction / installation / repair / field service,Likely complete enough for archive review,Unknown — never infer from award amount,Not modeled before archive/requirements gate,Unclassified pending sourcing,Not modeled before supplier pricing,85,0,Strikeout,Gate 6 — product/service exclusion,NO-BID / REJECT AT INTAKE,Moderate — official extract metadata; attachments not yet reconstructed,"Extract Active flag inconsistent with 2023-2024 closed deadline; verify notice version/archive directly. No separate additional-information link in extract. Award outcome is answer key, not pre-award pricing evidence.",65438
HOS01-072,4b204071bf17431cb02d20843b67b3a7,W912P624B0016,https://sam.gov/workspace/contract/opp/4b204071bf17431cb02d20843b67b3a7/view,Solicitation,2024-09-17,2024-09-19,DEPT OF DEFENSE,DEPT OF THE ARMY,W072 ENDIST CHICAGO,"SOLICITATION W912P624B0016 VILLAGE OF EAST HAZEL CREST STORMWATER IMPROVEMENTS, EAST HAZEL CREST, COOK COUNTY, ILLINOIS (USACE ACQUISITION)","VIRTUAL BID OPENING INFORMATION: THE VIRTUAL BID OPENING WILL BE CONDUCTED ON SEPTEMBER 19, 2024 AT 1:00 P.M. (CENTRAL TIME). AT THE DESIGNATED DAY AND TIME, PLEASE JOIN BY: MEETING LINK: https://usace1.webex.com/usace1/j.php?MTID=m1ee4740fe1bc0ee92fb1a1d74e986f25 Meeting number (access code): 2829 578 2082 Meeting Password: hUJw2VPh@43 OR, JOIN BY PHONE: 1-844-800-2712 US Toll Free 1-669-234-1177 US Toll Access code: 2829 578 2082 Conf ID: press the # sign ***************************************************************************************************************************************************** EFFECTIVE SEPTEMBER 16, 2024: The government has posted Amendment No. 0002 hereunder this Notice (please refer to the Attachments Section). ** EFFECTIVE AUGUST 20, 2024: The government has posted Amendment No. 0001 hereunder this Notice (please refer to the Attachments Section). ** Under this Solicitation, the United States Army Corps of Engineers - Chicago District issues Solicitation No. W912P624B0016 for bidding purposes. Therefore, provided hereunder is the relevant bid package for its construction project entitled, Village of East Hazel Crest Stormwater Improvements, East Haze",237110,Y1PZ,Total Small Business Set-Aside (FAR 19.5),Unknown pre-award; historical award is answer key,Service / mixed,MRO tools and commercial hardware,,Not recovered from extract,Unknown / direct record review required,Unknown — version history retrieval required,Unknown — archive retrieval required,Yes — embedded in official extract,https://sam.gov/workspace/contract/opp/4b204071bf17431cb02d20843b67b3a7/view,null,,Not provided in extract outcome fields,Not indicated at solicitation intake,Potentially yes — direct solicitation notice,No evidence in extract; verify solicitation,Potentially yes — subject to active SAM registration and representations,Review required,Review exact product/NSN; no conflict detected,Construction / installation / repair / field service,Likely complete enough for archive review,Unknown — never infer from award amount,Not modeled before archive/requirements gate,Unclassified pending sourcing,Not modeled before supplier pricing,85,0,Strikeout,Gate 6 — product/service exclusion,NO-BID / REJECT AT INTAKE,Moderate — official extract metadata; attachments not yet reconstructed,"Extract Active flag inconsistent with 2023-2024 closed deadline; verify notice version/archive directly. No separate additional-information link in extract. Award outcome is answer key, not pre-award pricing evidence.",65435
HOS01-073,fb9b7df1672449efab9fa5351b335b01,W912P624Q0033,https://sam.gov/workspace/contract/opp/fb9b7df1672449efab9fa5351b335b01/view,Combined Synopsis/Solicitation,2024-09-17,2024-09-18,DEPT OF DEFENSE,DEPT OF THE ARMY,W072 ENDIST CHICAGO,"Solicitation W912P624Q0033 Chicago Harbor Lock Security System Upgrade, Chicago, Cook County, Illinois","EFFECTIVE SEPTEMBER 17, 2024: The government has posted Amendment No. 0002 hereunder this Notice (please refer to the Attachments Section). **EFFECTIVE SEPTEMBER 6, 2024: The government has posted Amendment No. 0001 hereunder this Notice (please refer to the Attachments Section). ** This is a Combined Synopsis/Solicitation Notice for commercial items issued pursuant to FAR Subpart 12. Under this notice, the U.S. Army Corps of Engineers, Chicago District (USACE) is issuing a Request for Quotations (RFQ) for: CHICAGO HARBOR LOCK SECURITY SYSTEM UPGRADE. GOVERNMENT REQUIREMENT: This acquisition is pursuant to the provisions set forth by Part 12 of the Federal Acquisition Regulation, Commercial Items. In this acquisition, the contractor shall supply and deliver Security Cameras and Network Video Recorders for the Chicago Harbor Lock, Chicago, Cook County, Illinois in accordance with the enclosed statement of work. Pricing shall include parts, materials, deliveries, and any incidentals to perform the entire work described in the statement of work. Competition for this acquisition is RESTRICTED TO SMALL BUSINESSES. AN OFFEROR MUST HAVE AN ACTIVE REGISTRATION IN THE SYSTEM FORAWARD MANAGE",561621,5810,Total Small Business Set-Aside (FAR 19.5),Unknown pre-award; historical award is answer key,Service / mixed,MRO tools and commercial hardware,,Not recovered from extract,Unknown / direct record review required,Unknown — version history retrieval required,Unknown — archive retrieval required,Yes — embedded in official extract,https://sam.gov/workspace/contract/opp/fb9b7df1672449efab9fa5351b335b01/view,null,,Not provided in extract outcome fields,Not indicated at solicitation intake,Potentially yes — direct solicitation notice,No evidence in extract; verify solicitation,Potentially yes — subject to active SAM registration and representations,Review required,Review exact product/NSN; no conflict detected,Rental / lease,Partial — attachments or detail retrieval required,Unknown — never infer from award amount,Not modeled before archive/requirements gate,Unclassified pending sourcing,Not modeled before supplier pricing,85,0,Strikeout,Gate 6 — product/service exclusion,NO-BID / REJECT AT INTAKE,Moderate — official extract metadata; attachments not yet reconstructed,"Extract Active flag inconsistent with 2023-2024 closed deadline; verify notice version/archive directly. No separate additional-information link in extract. Award outcome is answer key, not pre-award pricing evidence.",65425
HOS01-074,d7643127667b4efdabf808d3c9b31627,36C77022R0008,https://sam.gov/workspace/contract/opp/d7643127667b4efdabf808d3c9b31627/view,Solicitation,2024-09-24,2024-10-31,"VETERANS AFFAIRS, DEPARTMENT OF","VETERANS AFFAIRS, DEPARTMENT OF",NATIONAL CMOP OFFICE (36C770),Q517--Staffing Service Tucson,The current due date for proposals will remain suspended until the Government issues an amendment answering the remaining questions. This amendment will establish the new proposal due date.,561210,Q517,Service-Disabled Veteran-Owned Small Business Set Aside,Unknown pre-award; historical award is answer key,Service / mixed,Mixed control,"Tucson, AZ, 85706, USA","Tucson, AZ, 85706, USA",Unknown / direct record review required,Unknown — version history retrieval required,Unknown — archive retrieval required,Yes — embedded in official extract,https://sam.gov/workspace/contract/opp/d7643127667b4efdabf808d3c9b31627/view,null,,Not provided in extract outcome fields,Not indicated at solicitation intake,Potentially yes — direct solicitation notice,No evidence in extract; verify solicitation,No — socioeconomic set-aside not held by GGG,Review required,Review exact product/NSN; no conflict detected,Rental / lease,Incomplete from extract,Unknown — never infer from award amount,Not modeled before archive/requirements gate,Unclassified pending sourcing,Not modeled before supplier pricing,45,0,Strikeout,Gate 4 — GGG eligibility,NO-BID / REJECT AT INTAKE,Moderate — official extract metadata; attachments not yet reconstructed,"Extract Active flag inconsistent with 2023-2024 closed deadline; verify notice version/archive directly. No separate additional-information link in extract. Award outcome is answer key, not pre-award pricing evidence.",65347
HOS01-075,26e0f2cfa06347008bde5247961764b0,36C10F24R0014,https://sam.gov/workspace/contract/opp/26e0f2cfa06347008bde5247961764b0/view,Combined Synopsis/Solicitation,2024-10-08,2024-12-09,"VETERANS AFFAIRS, DEPARTMENT OF","VETERANS AFFAIRS, DEPARTMENT OF",OFFICE OF CONSTRUCTION &  FACILITIES MGMT (36C10F),"X1DB--Junction City, KS Outpatient Clinic 42,731-47,409 ANSI/BOMA","Combined Synopsis/Solicitation Notice Junction City, KS Outpatient Clinic 42,731-47,409 ANSI/BOMA",531120,X1DB,Service-Disabled Veteran-Owned Small Business Set Aside,Unknown pre-award; historical award is answer key,Service / mixed,Mixed control,,Not recovered from extract,Unknown / direct record review required,Unknown — version history retrieval required,Unknown — archive retrieval required,Yes — embedded in official extract,https://sam.gov/workspace/contract/opp/26e0f2cfa06347008bde5247961764b0/view,null,,Not provided in extract outcome fields,Not indicated at solicitation intake,Potentially yes — direct solicitation notice,No evidence in extract; verify solicitation,No — socioeconomic set-aside not held by GGG,Review required,Review exact product/NSN; no conflict detected,Medical / pharmaceutical,Incomplete from extract,Unknown — never infer from award amount,Not modeled before archive/requirements gate,Unclassified pending sourcing,Not modeled before supplier pricing,45,0,Strikeout,Gate 4 — GGG eligibility,NO-BID / REJECT AT INTAKE,Moderate — official extract metadata; attachments not yet reconstructed,"Extract Active flag inconsistent with 2023-2024 closed deadline; verify notice version/archive directly. No separate additional-information link in extract. Award outcome is answer key, not pre-award pricing evidence.",65128
HOS01-076,398a2f184b56420fb6b64c6b574603a0,N4008024R2401,https://sam.gov/workspace/contract/opp/398a2f184b56420fb6b64c6b574603a0/view,Solicitation,2024-10-09,2024-10-30,DEPT OF DEFENSE,DEPT OF THE NAVY,NAVFACSYSCOM WASHINGTON,"INDEFINITE-DELIVERY, INDEFINITE-QUANTITY (IDIQ) MULTIPLE AWARD CONSTRUCTION CONTRACT (MACC) SMALL BUSINESS (SB) SET ASIDE FOR ROOFING SERVICES FOR FACILITIES PRIMARILY IN THE NAVFAC WASHINGTON, AREA OF RESPONSIBILITY (AOR)","This acquisition will result in the award of a Design-Build (DB)/Design- Bid-Build (DBB), Indefinite-Delivery/Indefinite Quantity (IDIQ), Multiple Award Construction Contract (MACC) for various roofing projects within the NAVFAC Washington Area of Responsibility (AOR). The Government intends to award approximately five (5) contracts resulting from this solicitation to the responsible Offerors whose proposals represent the best values after evaluation in accordance with the factors and their relative importance, unless more or less than five (5) is determined to be the best value to the government by the Source Selection Authority.Construction projects to be performed under this MACC will require the ability to manage multiple task orders concurrently across the NAVFAC Washington AOR. This MACC will encompass a variety of projects that include, but are not limited to the New Construction, Demolition, Repair, Alteration, and/or renovation of roofing or roofingmaterials (and may include minor general construction scope such as architectural, structural, mechanical or electrical items). Task Orders may include, but not limited to, removal and reinstallation of existing roof mounted equ",238160,Y1JZ,Total Small Business Set-Aside (FAR 19.5),Unknown pre-award; historical award is answer key,Service / mixed,MRO tools and commercial hardware,"Washington Navy Yard, DC, 20374, USA","Washington Navy Yard, DC, 20374, USA",Unknown / direct record review required,Unknown — version history retrieval required,Unknown — archive retrieval required,Yes — embedded in official extract,https://sam.gov/workspace/contract/opp/398a2f184b56420fb6b64c6b574603a0/view,null,,Not provided in extract outcome fields,Not indicated at solicitation intake,Potentially yes — direct solicitation notice,No evidence in extract; verify solicitation,Potentially yes — subject to active SAM registration and representations,Review required,Review exact product/NSN; no conflict detected,Medical / pharmaceutical,Partial — attachments or detail retrieval required,Unknown — never infer from award amount,Not modeled before archive/requirements gate,Unclassified pending sourcing,Not modeled before supplier pricing,85,0,Strikeout,Gate 6 — product/service exclusion,NO-BID / REJECT AT INTAKE,Moderate — official extract metadata; attachments not yet reconstructed,"Extract Active flag inconsistent with 2023-2024 closed deadline; verify notice version/archive directly. No separate additional-information link in extract. Award outcome is answer key, not pre-award pricing evidence.",65119
HOS01-077,e9a33be63a2f4e2185db9bc46296e883,N4008024R2401,https://sam.gov/workspace/contract/opp/e9a33be63a2f4e2185db9bc46296e883/view,Solicitation,2024-10-09,2024-10-30,DEPT OF DEFENSE,DEPT OF THE NAVY,NAVFACSYSCOM WASHINGTON,"INDEFINITE-DELIVERY, INDEFINITE-QUANTITY (IDIQ) MULTIPLE AWARD CONSTRUCTION CONTRACT (MACC) SMALL BUSINESS (SB) SET ASIDE FOR ROOFING SERVICES FOR FACILITIES PRIMARILY IN THE NAVFAC WASHINGTON, AREA OF RESPONSIBILITY (AOR)","This acquisition will result in the award of a Design-Build (DB)/Design- Bid-Build (DBB), Indefinite-Delivery/Indefinite Quantity (IDIQ), Multiple Award Construction Contract (MACC) for various roofing projects within the NAVFAC Washington Area of Responsibility (AOR). The Government intends to award approximately five (5) contracts resulting from this solicitation to the responsible Offerors whose proposals represent the best values after evaluation in accordance with the factors and their relative importance, unless more or less than five (5) is determined to be the best value to the government by the Source Selection Authority.Construction projects to be performed under this MACC will require the ability to manage multiple task orders concurrently across the NAVFAC Washington AOR. This MACC will encompass a variety of projects that include, but are not limited to the New Construction, Demolition, Repair, Alteration, and/or renovation of roofing or roofingmaterials (and may include minor general construction scope such as architectural, structural, mechanical or electrical items). Task Orders may include, but not limited to, removal and reinstallation of existing roof mounted equ",238160,Y1JZ,Total Small Business Set-Aside (FAR 19.5),Unknown pre-award; historical award is answer key,Service / mixed,MRO tools and commercial hardware,"Washington Navy Yard, DC, 20374, USA","Washington Navy Yard, DC, 20374, USA",Unknown / direct record review required,Unknown — version history retrieval required,Unknown — archive retrieval required,Yes — embedded in official extract,https://sam.gov/workspace/contract/opp/e9a33be63a2f4e2185db9bc46296e883/view,null,,Not provided in extract outcome fields,Not indicated at solicitation intake,Potentially yes — direct solicitation notice,No evidence in extract; verify solicitation,Potentially yes — subject to active SAM registration and representations,Review required,Review exact product/NSN; no conflict detected,Medical / pharmaceutical,Partial — attachments or detail retrieval required,Unknown — never infer from award amount,Not modeled before archive/requirements gate,Unclassified pending sourcing,Not modeled before supplier pricing,85,0,Strikeout,Gate 6 — product/service exclusion,NO-BID / REJECT AT INTAKE,Moderate — official extract metadata; attachments not yet reconstructed,"Extract Active flag inconsistent with 2023-2024 closed deadline; verify notice version/archive directly. No separate additional-information link in extract. Award outcome is answer key, not pre-award pricing evidence.",65115
HOS01-078,d626287c0398499f8d6fcd976ddeee13,W912P624B0017,https://sam.gov/workspace/contract/opp/d626287c0398499f8d6fcd976ddeee13/view,Solicitation,2024-10-16,2024-11-15,DEPT OF DEFENSE,DEPT OF THE ARMY,W072 ENDIST CHICAGO,"VILLAGE OF MATTESON WATER MAIN REPLACEMENT PHASE II, MATTESON, COOK COUNTY, ILLINOIS (USACE ACQUISITION)","Under this Solicitation Notice, the United States Army Corps of Engineers - Chicago District issues Solicitation No. W912P624B0017 for bidding purposes. Therefore, provided hereunder is the relevant bid package for its construction project entitled, Village of Matteson Water Main Replacement Phase II, Matteson, Cook County, Illinois (USACE Acquisition). PROJECT INFORMATION: The project work involves the replacement of a watermain. The base work includes installing approximately 1,050 linear feet of new 8-inch Ductile Iron watermain by open-cut excavation. Work will also include storm sewer replacement and installation of residential services, valves, and associated asphalt and paving restoration and replacement of storm sewers. Option No. 1 includes approximately 425 LF of 8-inch Ductile Iron watermain by open-cut excavation with storm sewer replacement and installation of residential services, valves, and associated asphalt and paving restoration. CONTRACTING OFFICE: USACE Chicago District, 231 SOUTH LaSALLE STREET, SUITE 1500, Chicago, IL 60604. ACQUISITION INFORMATION: Competition for this acquisition is RESERVED EXCLUSIVELY for Small Business Concerns. The North American Indust",237110,Y1PZ,Total Small Business Set-Aside (FAR 19.5),Unknown pre-award; historical award is answer key,Service / mixed,MRO tools and commercial hardware,,Not recovered from extract,Unknown / direct record review required,Unknown — version history retrieval required,Unknown — archive retrieval required,Yes — embedded in official extract,https://sam.gov/workspace/contract/opp/d626287c0398499f8d6fcd976ddeee13/view,null,,Not provided in extract outcome fields,Not indicated at solicitation intake,Potentially yes — direct solicitation notice,No evidence in extract; verify solicitation,Potentially yes — subject to active SAM registration and representations,Review required,Review exact product/NSN; no conflict detected,Construction / installation / repair / field service,Likely complete enough for archive review,Unknown — never infer from award amount,Not modeled before archive/requirements gate,Unclassified pending sourcing,Not modeled before supplier pricing,85,0,Strikeout,Gate 6 — product/service exclusion,NO-BID / REJECT AT INTAKE,Moderate — official extract metadata; attachments not yet reconstructed,"Extract Active flag inconsistent with 2023-2024 closed deadline; verify notice version/archive directly. No separate additional-information link in extract. Award outcome is answer key, not pre-award pricing evidence.",65057
HOS01-079,b911fbf827dc4eed8c7a715f59eff418,N4008024R2401,https://sam.gov/workspace/contract/opp/b911fbf827dc4eed8c7a715f59eff418/view,Solicitation,2024-10-23,2024-10-30,DEPT OF DEFENSE,DEPT OF THE NAVY,NAVFACSYSCOM WASHINGTON,"INDEFINITE-DELIVERY, INDEFINITE-QUANTITY (IDIQ) MULTIPLE AWARD CONSTRUCTION CONTRACT (MACC) SMALL BUSINESS (SB) SET ASIDE FOR ROOFING SERVICES FOR FACILITIES PRIMARILY IN THE NAVFAC WASHINGTON, AREA OF RESPONSIBILITY (AOR)","This acquisition will result in the award of a Design-Build (DB)/Design- Bid-Build (DBB), Indefinite-Delivery/Indefinite Quantity (IDIQ), Multiple Award Construction Contract (MACC) for various roofing projects within the NAVFAC Washington Area of Responsibility (AOR). The Government intends to award approximately five (5) contracts resulting from this solicitation to the responsible Offerors whose proposals represent the best values after evaluation in accordance with the factors and their relative importance, unless more or less than five (5) is determined to be the best value to the government by the Source Selection Authority.Construction projects to be performed under this MACC will require the ability to manage multiple task orders concurrently across the NAVFAC Washington AOR. This MACC will encompass a variety of projects that include, but are not limited to the New Construction, Demolition, Repair, Alteration, and/or renovation of roofing or roofingmaterials (and may include minor general construction scope such as architectural, structural, mechanical or electrical items). Task Orders may include, but not limited to, removal and reinstallation of existing roof mounted equ",238160,Y1JZ,Total Small Business Set-Aside (FAR 19.5),Unknown pre-award; historical award is answer key,Service / mixed,MRO tools and commercial hardware,"Washington Navy Yard, DC, 20374, USA","Washington Navy Yard, DC, 20374, USA",Unknown / direct record review required,Unknown — version history retrieval required,Unknown — archive retrieval required,Yes — embedded in official extract,https://sam.gov/workspace/contract/opp/b911fbf827dc4eed8c7a715f59eff418/view,null,,Not provided in extract outcome fields,Not indicated at solicitation intake,Potentially yes — direct solicitation notice,No evidence in extract; verify solicitation,Potentially yes — subject to active SAM registration and representations,Review required,Review exact product/NSN; no conflict detected,Medical / pharmaceutical,Partial — attachments or detail retrieval required,Unknown — never infer from award amount,Not modeled before archive/requirements gate,Unclassified pending sourcing,Not modeled before supplier pricing,85,0,Strikeout,Gate 6 — product/service exclusion,NO-BID / REJECT AT INTAKE,Moderate — official extract metadata; attachments not yet reconstructed,"Extract Active flag inconsistent with 2023-2024 closed deadline; verify notice version/archive directly. No separate additional-information link in extract. Award outcome is answer key, not pre-award pricing evidence.",65014
HOS01-080,38c6d9b226df4cf3a7b157ba98b38eea,N4008024R2401,https://sam.gov/workspace/contract/opp/38c6d9b226df4cf3a7b157ba98b38eea/view,Solicitation,2024-10-24,2024-11-22,DEPT OF DEFENSE,DEPT OF THE NAVY,NAVFACSYSCOM WASHINGTON,"INDEFINITE-DELIVERY, INDEFINITE-QUANTITY (IDIQ) MULTIPLE AWARD CONSTRUCTION CONTRACT (MACC) SMALL BUSINESS (SB) SET ASIDE FOR ROOFING SERVICES FOR FACILITIES PRIMARILY IN THE NAVFAC WASHINGTON, AREA OF RESPONSIBILITY (AOR)","This acquisition will result in the award of a Design-Build (DB)/Design- Bid-Build (DBB), Indefinite-Delivery/Indefinite Quantity (IDIQ), Multiple Award Construction Contract (MACC) for various roofing projects within the NAVFAC Washington Area of Responsibility (AOR). The Government intends to award approximately five (5) contracts resulting from this solicitation to the responsible Offerors whose proposals represent the best values after evaluation in accordance with the factors and their relative importance, unless more or less than five (5) is determined to be the best value to the government by the Source Selection Authority.Construction projects to be performed under this MACC will require the ability to manage multiple task orders concurrently across the NAVFAC Washington AOR. This MACC will encompass a variety of projects that include, but are not limited to the New Construction, Demolition, Repair, Alteration, and/or renovation of roofing or roofingmaterials (and may include minor general construction scope such as architectural, structural, mechanical or electrical items). Task Orders may include, but not limited to, removal and reinstallation of existing roof mounted equ",238160,Y1JZ,Total Small Business Set-Aside (FAR 19.5),Unknown pre-award; historical award is answer key,Service / mixed,MRO tools and commercial hardware,"Washington Navy Yard, DC, 20374, USA","Washington Navy Yard, DC, 20374, USA",Unknown / direct record review required,Unknown — version history retrieval required,Unknown — archive retrieval required,Yes — embedded in official extract,https://sam.gov/workspace/contract/opp/38c6d9b226df4cf3a7b157ba98b38eea/view,null,,Not provided in extract outcome fields,Not indicated at solicitation intake,Potentially yes — direct solicitation notice,No evidence in extract; verify solicitation,Potentially yes — subject to active SAM registration and representations,Review required,Review exact product/NSN; no conflict detected,Medical / pharmaceutical,Partial — attachments or detail retrieval required,Unknown — never infer from award amount,Not modeled before archive/requirements gate,Unclassified pending sourcing,Not modeled before supplier pricing,85,0,Strikeout,Gate 6 — product/service exclusion,NO-BID / REJECT AT INTAKE,Moderate — official extract metadata; attachments not yet reconstructed,"Extract Active flag inconsistent with 2023-2024 closed deadline; verify notice version/archive directly. No separate additional-information link in extract. Award outcome is answer key, not pre-award pricing evidence.",64987
HOS01-081,54274d1be698482386587b328365372a,N4008024R2401,https://sam.gov/workspace/contract/opp/54274d1be698482386587b328365372a/view,Solicitation,2024-10-24,2024-11-22,DEPT OF DEFENSE,DEPT OF THE NAVY,NAVFACSYSCOM WASHINGTON,"INDEFINITE-DELIVERY, INDEFINITE-QUANTITY (IDIQ) MULTIPLE AWARD CONSTRUCTION CONTRACT (MACC) SMALL BUSINESS (SB) SET ASIDE FOR ROOFING SERVICES FOR FACILITIES PRIMARILY IN THE NAVFAC WASHINGTON, AREA OF RESPONSIBILITY (AOR)","This acquisition will result in the award of a Design-Build (DB)/Design- Bid-Build (DBB), Indefinite-Delivery/Indefinite Quantity (IDIQ), Multiple Award Construction Contract (MACC) for various roofing projects within the NAVFAC Washington Area of Responsibility (AOR). The Government intends to award approximately five (5) contracts resulting from this solicitation to the responsible Offerors whose proposals represent the best values after evaluation in accordance with the factors and their relative importance, unless more or less than five (5) is determined to be the best value to the government by the Source Selection Authority.Construction projects to be performed under this MACC will require the ability to manage multiple task orders concurrently across the NAVFAC Washington AOR. This MACC will encompass a variety of projects that include, but are not limited to the New Construction, Demolition, Repair, Alteration, and/or renovation of roofing or roofingmaterials (and may include minor general construction scope such as architectural, structural, mechanical or electrical items). Task Orders may include, but not limited to, removal and reinstallation of existing roof mounted equ",238160,Y1JZ,Total Small Business Set-Aside (FAR 19.5),Unknown pre-award; historical award is answer key,Service / mixed,MRO tools and commercial hardware,"Washington Navy Yard, DC, 20374, USA","Washington Navy Yard, DC, 20374, USA",Unknown / direct record review required,Unknown — version history retrieval required,Unknown — archive retrieval required,Yes — embedded in official extract,https://sam.gov/workspace/contract/opp/54274d1be698482386587b328365372a/view,null,,Not provided in extract outcome fields,Not indicated at solicitation intake,Potentially yes — direct solicitation notice,No evidence in extract; verify solicitation,Potentially yes — subject to active SAM registration and representations,Review required,Review exact product/NSN; no conflict detected,Medical / pharmaceutical,Partial — attachments or detail retrieval required,Unknown — never infer from award amount,Not modeled before archive/requirements gate,Unclassified pending sourcing,Not modeled before supplier pricing,85,0,Strikeout,Gate 6 — product/service exclusion,NO-BID / REJECT AT INTAKE,Moderate — official extract metadata; attachments not yet reconstructed,"Extract Active flag inconsistent with 2023-2024 closed deadline; verify notice version/archive directly. No separate additional-information link in extract. Award outcome is answer key, not pre-award pricing evidence.",64988
HOS01-082,473e8a2279f048989c42751d37a0127c,N4008024R2401,https://sam.gov/workspace/contract/opp/473e8a2279f048989c42751d37a0127c/view,Solicitation,2024-10-28,2024-11-22,DEPT OF DEFENSE,DEPT OF THE NAVY,NAVFACSYSCOM WASHINGTON,"INDEFINITE-DELIVERY, INDEFINITE-QUANTITY (IDIQ) MULTIPLE AWARD CONSTRUCTION CONTRACT (MACC) SMALL BUSINESS (SB) SET ASIDE FOR ROOFING SERVICES FOR FACILITIES PRIMARILY IN THE NAVFAC WASHINGTON, AREA OF RESPONSIBILITY (AOR)","This acquisition will result in the award of a Design-Build (DB)/Design- Bid-Build (DBB), Indefinite-Delivery/Indefinite Quantity (IDIQ), Multiple Award Construction Contract (MACC) for various roofing projects within the NAVFAC Washington Area of Responsibility (AOR). The Government intends to award approximately five (5) contracts resulting from this solicitation to the responsible Offerors whose proposals represent the best values after evaluation in accordance with the factors and their relative importance, unless more or less than five (5) is determined to be the best value to the government by the Source Selection Authority.Construction projects to be performed under this MACC will require the ability to manage multiple task orders concurrently across the NAVFAC Washington AOR. This MACC will encompass a variety of projects that include, but are not limited to the New Construction, Demolition, Repair, Alteration, and/or renovation of roofing or roofingmaterials (and may include minor general construction scope such as architectural, structural, mechanical or electrical items). Task Orders may include, but not limited to, removal and reinstallation of existing roof mounted equ",238160,Y1JZ,Total Small Business Set-Aside (FAR 19.5),Unknown pre-award; historical award is answer key,Service / mixed,MRO tools and commercial hardware,"Washington Navy Yard, DC, 20374, USA","Washington Navy Yard, DC, 20374, USA",Unknown / direct record review required,Unknown — version history retrieval required,Unknown — archive retrieval required,Yes — embedded in official extract,https://sam.gov/workspace/contract/opp/473e8a2279f048989c42751d37a0127c/view,null,,Not provided in extract outcome fields,Not indicated at solicitation intake,Potentially yes — direct solicitation notice,No evidence in extract; verify solicitation,Potentially yes — subject to active SAM registration and representations,Review required,Review exact product/NSN; no conflict detected,Medical / pharmaceutical,Partial — attachments or detail retrieval required,Unknown — never infer from award amount,Not modeled before archive/requirements gate,Unclassified pending sourcing,Not modeled before supplier pricing,85,0,Strikeout,Gate 6 — product/service exclusion,NO-BID / REJECT AT INTAKE,Moderate — official extract metadata; attachments not yet reconstructed,"Extract Active flag inconsistent with 2023-2024 closed deadline; verify notice version/archive directly. No separate additional-information link in extract. Award outcome is answer key, not pre-award pricing evidence.",64973
HOS01-083,e0b91590db964948a9b3905b529a4b97,36C77022R0008,https://sam.gov/workspace/contract/opp/e0b91590db964948a9b3905b529a4b97/view,Solicitation,2024-10-31,2024-12-31,"VETERANS AFFAIRS, DEPARTMENT OF","VETERANS AFFAIRS, DEPARTMENT OF",NATIONAL CMOP OFFICE (36C770),Q517--Staffing Service Tucson,The current due date for proposals will remain suspended until the Government issues an amendment answering the remaining questions. This amendment will establish the new proposal due date.,561210,Q517,Service-Disabled Veteran-Owned Small Business Set Aside,Unknown pre-award; historical award is answer key,Service / mixed,Mixed control,"Tucson, AZ, 85706, USA","Tucson, AZ, 85706, USA",Unknown / direct record review required,Unknown — version history retrieval required,Unknown — archive retrieval required,Yes — embedded in official extract,https://sam.gov/workspace/contract/opp/e0b91590db964948a9b3905b529a4b97/view,null,,Not provided in extract outcome fields,Not indicated at solicitation intake,Potentially yes — direct solicitation notice,No evidence in extract; verify solicitation,No — socioeconomic set-aside not held by GGG,Review required,Review exact product/NSN; no conflict detected,Rental / lease,Incomplete from extract,Unknown — never infer from award amount,Not modeled before archive/requirements gate,Unclassified pending sourcing,Not modeled before supplier pricing,45,0,Strikeout,Gate 4 — GGG eligibility,NO-BID / REJECT AT INTAKE,Moderate — official extract metadata; attachments not yet reconstructed,"Extract Active flag inconsistent with 2023-2024 closed deadline; verify notice version/archive directly. No separate additional-information link in extract. Award outcome is answer key, not pre-award pricing evidence.",64942
HOS01-084,d6b4344c782a4f42927a298fde3c17c7,36C10F24R0014,https://sam.gov/workspace/contract/opp/d6b4344c782a4f42927a298fde3c17c7/view,Combined Synopsis/Solicitation,2024-11-05,2024-12-09,"VETERANS AFFAIRS, DEPARTMENT OF","VETERANS AFFAIRS, DEPARTMENT OF",OFFICE OF CONSTRUCTION &  FACILITIES MGMT (36C10F),"X1DB--Junction City, KS OPC 42,731-47,409 ANSI/BOMA","Amendment No.1 Junction City, KS Outpatient Clinic 42,731-47,409 ANSI/BOMA",531120,X1DB,Service-Disabled Veteran-Owned Small Business Set Aside,Unknown pre-award; historical award is answer key,Service / mixed,Mixed control,,Not recovered from extract,Unknown / direct record review required,Unknown — version history retrieval required,Unknown — archive retrieval required,Yes — embedded in official extract,https://sam.gov/workspace/contract/opp/d6b4344c782a4f42927a298fde3c17c7/view,null,,Not provided in extract outcome fields,Not indicated at solicitation intake,Potentially yes — direct solicitation notice,No evidence in extract; verify solicitation,No — socioeconomic set-aside not held by GGG,Review required,Review exact product/NSN; no conflict detected,Medical / pharmaceutical,Incomplete from extract,Unknown — never infer from award amount,Not modeled before archive/requirements gate,Unclassified pending sourcing,Not modeled before supplier pricing,45,0,Strikeout,Gate 4 — GGG eligibility,NO-BID / REJECT AT INTAKE,Moderate — official extract metadata; attachments not yet reconstructed,"Extract Active flag inconsistent with 2023-2024 closed deadline; verify notice version/archive directly. No separate additional-information link in extract. Award outcome is answer key, not pre-award pricing evidence.",64896
HOS01-085,2ebc5bcde9834a85be4ab95cf4edc2e7,N4008024R2401,https://sam.gov/workspace/contract/opp/2ebc5bcde9834a85be4ab95cf4edc2e7/view,Solicitation,2024-11-12,2024-11-22,DEPT OF DEFENSE,DEPT OF THE NAVY,NAVFACSYSCOM WASHINGTON,"INDEFINITE-DELIVERY, INDEFINITE-QUANTITY (IDIQ) MULTIPLE AWARD CONSTRUCTION CONTRACT (MACC) SMALL BUSINESS (SB) SET ASIDE FOR ROOFING SERVICES FOR FACILITIES PRIMARILY IN THE NAVFAC WASHINGTON, AREA OF RESPONSIBILITY (AOR)","This acquisition will result in the award of a Design-Build (DB)/Design- Bid-Build (DBB), Indefinite-Delivery/Indefinite Quantity (IDIQ), Multiple Award Construction Contract (MACC) for various roofing projects within the NAVFAC Washington Area of Responsibility (AOR). The Government intends to award approximately five (5) contracts resulting from this solicitation to the responsible Offerors whose proposals represent the best values after evaluation in accordance with the factors and their relative importance, unless more or less than five (5) is determined to be the best value to the government by the Source Selection Authority.Construction projects to be performed under this MACC will require the ability to manage multiple task orders concurrently across the NAVFAC Washington AOR. This MACC will encompass a variety of projects that include, but are not limited to the New Construction, Demolition, Repair, Alteration, and/or renovation of roofing or roofingmaterials (and may include minor general construction scope such as architectural, structural, mechanical or electrical items). Task Orders may include, but not limited to, removal and reinstallation of existing roof mounted equ",238160,Y1JZ,Total Small Business Set-Aside (FAR 19.5),Unknown pre-award; historical award is answer key,Service / mixed,MRO tools and commercial hardware,"Washington Navy Yard, DC, 20374, USA","Washington Navy Yard, DC, 20374, USA",Unknown / direct record review required,Unknown — version history retrieval required,Unknown — archive retrieval required,Yes — embedded in official extract,https://sam.gov/workspace/contract/opp/2ebc5bcde9834a85be4ab95cf4edc2e7/view,null,,Not provided in extract outcome fields,Not indicated at solicitation intake,Potentially yes — direct solicitation notice,No evidence in extract; verify solicitation,Potentially yes — subject to active SAM registration and representations,Review required,Review exact product/NSN; no conflict detected,Medical / pharmaceutical,Partial — attachments or detail retrieval required,Unknown — never infer from award amount,Not modeled before archive/requirements gate,Unclassified pending sourcing,Not modeled before supplier pricing,85,0,Strikeout,Gate 6 — product/service exclusion,NO-BID / REJECT AT INTAKE,Moderate — official extract metadata; attachments not yet reconstructed,"Extract Active flag inconsistent with 2023-2024 closed deadline; verify notice version/archive directly. No separate additional-information link in extract. Award outcome is answer key, not pre-award pricing evidence.",64851
HOS01-086,5211a83523ac4e8c86ebe42f90083da0,N4008024R2401,https://sam.gov/workspace/contract/opp/5211a83523ac4e8c86ebe42f90083da0/view,Solicitation,2024-11-12,2024-11-22,DEPT OF DEFENSE,DEPT OF THE NAVY,NAVFACSYSCOM WASHINGTON,"INDEFINITE-DELIVERY, INDEFINITE-QUANTITY (IDIQ) MULTIPLE AWARD CONSTRUCTION CONTRACT (MACC) SMALL BUSINESS (SB) SET ASIDE FOR ROOFING SERVICES FOR FACILITIES PRIMARILY IN THE NAVFAC WASHINGTON, AREA OF RESPONSIBILITY (AOR)","This acquisition will result in the award of a Design-Build (DB)/Design- Bid-Build (DBB), Indefinite-Delivery/Indefinite Quantity (IDIQ), Multiple Award Construction Contract (MACC) for various roofing projects within the NAVFAC Washington Area of Responsibility (AOR). The Government intends to award approximately five (5) contracts resulting from this solicitation to the responsible Offerors whose proposals represent the best values after evaluation in accordance with the factors and their relative importance, unless more or less than five (5) is determined to be the best value to the government by the Source Selection Authority.Construction projects to be performed under this MACC will require the ability to manage multiple task orders concurrently across the NAVFAC Washington AOR. This MACC will encompass a variety of projects that include, but are not limited to the New Construction, Demolition, Repair, Alteration, and/or renovation of roofing or roofingmaterials (and may include minor general construction scope such as architectural, structural, mechanical or electrical items). Task Orders may include, but not limited to, removal and reinstallation of existing roof mounted equ",238160,Y1JZ,Total Small Business Set-Aside (FAR 19.5),Unknown pre-award; historical award is answer key,Service / mixed,MRO tools and commercial hardware,"Washington Navy Yard, DC, 20374, USA","Washington Navy Yard, DC, 20374, USA",Unknown / direct record review required,Unknown — version history retrieval required,Unknown — archive retrieval required,Yes — embedded in official extract,https://sam.gov/workspace/contract/opp/5211a83523ac4e8c86ebe42f90083da0/view,null,,Not provided in extract outcome fields,Not indicated at solicitation intake,Potentially yes — direct solicitation notice,No evidence in extract; verify solicitation,Potentially yes — subject to active SAM registration and representations,Review required,Review exact product/NSN; no conflict detected,Medical / pharmaceutical,Partial — attachments or detail retrieval required,Unknown — never infer from award amount,Not modeled before archive/requirements gate,Unclassified pending sourcing,Not modeled before supplier pricing,85,0,Strikeout,Gate 6 — product/service exclusion,NO-BID / REJECT AT INTAKE,Moderate — official extract metadata; attachments not yet reconstructed,"Extract Active flag inconsistent with 2023-2024 closed deadline; verify notice version/archive directly. No separate additional-information link in extract. Award outcome is answer key, not pre-award pricing evidence.",64852
HOS01-087,b6051611e85f4c8cbb66e308f70543cc,N4008024R2401,https://sam.gov/workspace/contract/opp/b6051611e85f4c8cbb66e308f70543cc/view,Solicitation,2024-11-12,2024-11-22,DEPT OF DEFENSE,DEPT OF THE NAVY,NAVFACSYSCOM WASHINGTON,"INDEFINITE-DELIVERY, INDEFINITE-QUANTITY (IDIQ) MULTIPLE AWARD CONSTRUCTION CONTRACT (MACC) SMALL BUSINESS (SB) SET ASIDE FOR ROOFING SERVICES FOR FACILITIES PRIMARILY IN THE NAVFAC WASHINGTON, AREA OF RESPONSIBILITY (AOR)","This acquisition will result in the award of a Design-Build (DB)/Design- Bid-Build (DBB), Indefinite-Delivery/Indefinite Quantity (IDIQ), Multiple Award Construction Contract (MACC) for various roofing projects within the NAVFAC Washington Area of Responsibility (AOR). The Government intends to award approximately five (5) contracts resulting from this solicitation to the responsible Offerors whose proposals represent the best values after evaluation in accordance with the factors and their relative importance, unless more or less than five (5) is determined to be the best value to the government by the Source Selection Authority.Construction projects to be performed under this MACC will require the ability to manage multiple task orders concurrently across the NAVFAC Washington AOR. This MACC will encompass a variety of projects that include, but are not limited to the New Construction, Demolition, Repair, Alteration, and/or renovation of roofing or roofingmaterials (and may include minor general construction scope such as architectural, structural, mechanical or electrical items). Task Orders may include, but not limited to, removal and reinstallation of existing roof mounted equ",238160,Y1JZ,Total Small Business Set-Aside (FAR 19.5),Unknown pre-award; historical award is answer key,Service / mixed,MRO tools and commercial hardware,"Washington Navy Yard, DC, 20374, USA","Washington Navy Yard, DC, 20374, USA",Unknown / direct record review required,Unknown — version history retrieval required,Unknown — archive retrieval required,Yes — embedded in official extract,https://sam.gov/workspace/contract/opp/b6051611e85f4c8cbb66e308f70543cc/view,null,,Not provided in extract outcome fields,Not indicated at solicitation intake,Potentially yes — direct solicitation notice,No evidence in extract; verify solicitation,Potentially yes — subject to active SAM registration and representations,Review required,Review exact product/NSN; no conflict detected,Medical / pharmaceutical,Partial — attachments or detail retrieval required,Unknown — never infer from award amount,Not modeled before archive/requirements gate,Unclassified pending sourcing,Not modeled before supplier pricing,85,0,Strikeout,Gate 6 — product/service exclusion,NO-BID / REJECT AT INTAKE,Moderate — official extract metadata; attachments not yet reconstructed,"Extract Active flag inconsistent with 2023-2024 closed deadline; verify notice version/archive directly. No separate additional-information link in extract. Award outcome is answer key, not pre-award pricing evidence.",64859
HOS01-088,d6e583c31d194683960f740c2d031e64,N4008024R2401,https://sam.gov/workspace/contract/opp/d6e583c31d194683960f740c2d031e64/view,Solicitation,2024-11-12,2024-11-22,DEPT OF DEFENSE,DEPT OF THE NAVY,NAVFACSYSCOM WASHINGTON,"INDEFINITE-DELIVERY, INDEFINITE-QUANTITY (IDIQ) MULTIPLE AWARD CONSTRUCTION CONTRACT (MACC) SMALL BUSINESS (SB) SET ASIDE FOR ROOFING SERVICES FOR FACILITIES PRIMARILY IN THE NAVFAC WASHINGTON, AREA OF RESPONSIBILITY (AOR)","This acquisition will result in the award of a Design-Build (DB)/Design- Bid-Build (DBB), Indefinite-Delivery/Indefinite Quantity (IDIQ), Multiple Award Construction Contract (MACC) for various roofing projects within the NAVFAC Washington Area of Responsibility (AOR). The Government intends to award approximately five (5) contracts resulting from this solicitation to the responsible Offerors whose proposals represent the best values after evaluation in accordance with the factors and their relative importance, unless more or less than five (5) is determined to be the best value to the government by the Source Selection Authority.Construction projects to be performed under this MACC will require the ability to manage multiple task orders concurrently across the NAVFAC Washington AOR. This MACC will encompass a variety of projects that include, but are not limited to the New Construction, Demolition, Repair, Alteration, and/or renovation of roofing or roofingmaterials (and may include minor general construction scope such as architectural, structural, mechanical or electrical items). Task Orders may include, but not limited to, removal and reinstallation of existing roof mounted equ",238160,Y1JZ,Total Small Business Set-Aside (FAR 19.5),Unknown pre-award; historical award is answer key,Service / mixed,MRO tools and commercial hardware,"Washington Navy Yard, DC, 20374, USA","Washington Navy Yard, DC, 20374, USA",Unknown / direct record review required,Unknown — version history retrieval required,Unknown — archive retrieval required,Yes — embedded in official extract,https://sam.gov/workspace/contract/opp/d6e583c31d194683960f740c2d031e64/view,null,,Not provided in extract outcome fields,Not indicated at solicitation intake,Potentially yes — direct solicitation notice,No evidence in extract; verify solicitation,Potentially yes — subject to active SAM registration and representations,Review required,Review exact product/NSN; no conflict detected,Medical / pharmaceutical,Partial — attachments or detail retrieval required,Unknown — never infer from award amount,Not modeled before archive/requirements gate,Unclassified pending sourcing,Not modeled before supplier pricing,85,0,Strikeout,Gate 6 — product/service exclusion,NO-BID / REJECT AT INTAKE,Moderate — official extract metadata; attachments not yet reconstructed,"Extract Active flag inconsistent with 2023-2024 closed deadline; verify notice version/archive directly. No separate additional-information link in extract. Award outcome is answer key, not pre-award pricing evidence.",64861
HOS01-089,fef0379b7efe432ca4c63cc6ef6abe38,W912P624B0017,https://sam.gov/workspace/contract/opp/fef0379b7efe432ca4c63cc6ef6abe38/view,Solicitation,2024-11-13,2024-11-25,DEPT OF DEFENSE,DEPT OF THE ARMY,W072 ENDIST CHICAGO,"VILLAGE OF MATTESON WATER MAIN REPLACEMENT PHASE II, MATTESON, COOK COUNTY, ILLINOIS (USACE ACQUISITION)","EFFECTIVE NOVEMBER 13, 2024: The government has posted Amendment No. 0001 hereunder this Notice (please refer to the Attachments Section). ** Under this Solicitation Notice, the United States Army Corps of Engineers - Chicago District issues Solicitation No. W912P624B0017 for bidding purposes. Therefore, provided hereunder is the relevant bid package for its construction project entitled, Village of Matteson Water Main Replacement Phase II, Matteson, Cook County, Illinois (USACE Acquisition). PROJECT INFORMATION: The project work involves the replacement of a watermain. The base work includes installing approximately 1,050 linear feet of new 8-inch Ductile Iron watermain by open-cut excavation. Work will also include storm sewer replacement and installation of residential services, valves, and associated asphalt and paving restoration and replacement of storm sewers. Option No. 1 includes approximately 425 LF of 8-inch Ductile Iron watermain by open-cut excavation with storm sewer replacement and installation of residential services, valves, and associated asphalt and paving restoration. CONTRACTING OFFICE: USACE Chicago District, 231 SOUTH LaSALLE STREET, SUITE 1500, Chicago, IL 6",237110,Y1PZ,Total Small Business Set-Aside (FAR 19.5),Unknown pre-award; historical award is answer key,Service / mixed,MRO tools and commercial hardware,,Not recovered from extract,Unknown / direct record review required,Unknown — version history retrieval required,Unknown — archive retrieval required,Yes — embedded in official extract,https://sam.gov/workspace/contract/opp/fef0379b7efe432ca4c63cc6ef6abe38/view,null,,Not provided in extract outcome fields,Not indicated at solicitation intake,Potentially yes — direct solicitation notice,No evidence in extract; verify solicitation,Potentially yes — subject to active SAM registration and representations,Review required,Review exact product/NSN; no conflict detected,Construction / installation / repair / field service,Likely complete enough for archive review,Unknown — never infer from award amount,Not modeled before archive/requirements gate,Unclassified pending sourcing,Not modeled before supplier pricing,85,0,Strikeout,Gate 6 — product/service exclusion,NO-BID / REJECT AT INTAKE,Moderate — official extract metadata; attachments not yet reconstructed,"Extract Active flag inconsistent with 2023-2024 closed deadline; verify notice version/archive directly. No separate additional-information link in extract. Award outcome is answer key, not pre-award pricing evidence.",64843
HOS01-090,6765d87da7bc442c952cc396c0d3e8d6,N4008024R2401,https://sam.gov/workspace/contract/opp/6765d87da7bc442c952cc396c0d3e8d6/view,Solicitation,2024-11-15,2024-11-22,DEPT OF DEFENSE,DEPT OF THE NAVY,NAVFACSYSCOM WASHINGTON,"INDEFINITE-DELIVERY, INDEFINITE-QUANTITY (IDIQ) MULTIPLE AWARD CONSTRUCTION CONTRACT (MACC) SMALL BUSINESS (SB) SET ASIDE FOR ROOFING SERVICES FOR FACILITIES PRIMARILY IN THE NAVFAC WASHINGTON, AREA OF RESPONSIBILITY (AOR)","This acquisition will result in the award of a Design-Build (DB)/Design- Bid-Build (DBB), Indefinite-Delivery/Indefinite Quantity (IDIQ), Multiple Award Construction Contract (MACC) for various roofing projects within the NAVFAC Washington Area of Responsibility (AOR). The Government intends to award approximately five (5) contracts resulting from this solicitation to the responsible Offerors whose proposals represent the best values after evaluation in accordance with the factors and their relative importance, unless more or less than five (5) is determined to be the best value to the government by the Source Selection Authority.Construction projects to be performed under this MACC will require the ability to manage multiple task orders concurrently across the NAVFAC Washington AOR. This MACC will encompass a variety of projects that include, but are not limited to the New Construction, Demolition, Repair, Alteration, and/or renovation of roofing or roofingmaterials (and may include minor general construction scope such as architectural, structural, mechanical or electrical items). Task Orders may include, but not limited to, removal and reinstallation of existing roof mounted equ",238160,Y1JZ,Total Small Business Set-Aside (FAR 19.5),Unknown pre-award; historical award is answer key,Service / mixed,MRO tools and commercial hardware,"Washington Navy Yard, DC, 20374, USA","Washington Navy Yard, DC, 20374, USA",Unknown / direct record review required,Unknown — version history retrieval required,Unknown — archive retrieval required,Yes — embedded in official extract,https://sam.gov/workspace/contract/opp/6765d87da7bc442c952cc396c0d3e8d6/view,null,,Not provided in extract outcome fields,Not indicated at solicitation intake,Potentially yes — direct solicitation notice,No evidence in extract; verify solicitation,Potentially yes — subject to active SAM registration and representations,Review required,Review exact product/NSN; no conflict detected,Medical / pharmaceutical,Partial — attachments or detail retrieval required,Unknown — never infer from award amount,Not modeled before archive/requirements gate,Unclassified pending sourcing,Not modeled before supplier pricing,85,0,Strikeout,Gate 6 — product/service exclusion,NO-BID / REJECT AT INTAKE,Moderate — official extract metadata; attachments not yet reconstructed,"Extract Active flag inconsistent with 2023-2024 closed deadline; verify notice version/archive directly. No separate additional-information link in extract. Award outcome is answer key, not pre-award pricing evidence.",64826
HOS01-091,481822b3b3cd45b3b8216a55a8f7cd5f,N4008024R2401,https://sam.gov/workspace/contract/opp/481822b3b3cd45b3b8216a55a8f7cd5f/view,Solicitation,2024-11-18,2024-11-22,DEPT OF DEFENSE,DEPT OF THE NAVY,NAVFACSYSCOM WASHINGTON,"INDEFINITE-DELIVERY, INDEFINITE-QUANTITY (IDIQ) MULTIPLE AWARD CONSTRUCTION CONTRACT (MACC) SMALL BUSINESS (SB) SET ASIDE FOR ROOFING SERVICES FOR FACILITIES PRIMARILY IN THE NAVFAC WASHINGTON, AREA OF RESPONSIBILITY (AOR)","This acquisition will result in the award of a Design-Build (DB)/Design- Bid-Build (DBB), Indefinite-Delivery/Indefinite Quantity (IDIQ), Multiple Award Construction Contract (MACC) for various roofing projects within the NAVFAC Washington Area of Responsibility (AOR). The Government intends to award approximately five (5) contracts resulting from this solicitation to the responsible Offerors whose proposals represent the best values after evaluation in accordance with the factors and their relative importance, unless more or less than five (5) is determined to be the best value to the government by the Source Selection Authority.Construction projects to be performed under this MACC will require the ability to manage multiple task orders concurrently across the NAVFAC Washington AOR. This MACC will encompass a variety of projects that include, but are not limited to the New Construction, Demolition, Repair, Alteration, and/or renovation of roofing or roofingmaterials (and may include minor general construction scope such as architectural, structural, mechanical or electrical items). Task Orders may include, but not limited to, removal and reinstallation of existing roof mounted equ",238160,Y1JZ,Total Small Business Set-Aside (FAR 19.5),Unknown pre-award; historical award is answer key,Service / mixed,MRO tools and commercial hardware,"Washington Navy Yard, DC, 20374, USA","Washington Navy Yard, DC, 20374, USA",Unknown / direct record review required,Unknown — version history retrieval required,Unknown — archive retrieval required,Yes — embedded in official extract,https://sam.gov/workspace/contract/opp/481822b3b3cd45b3b8216a55a8f7cd5f/view,null,,Not provided in extract outcome fields,Not indicated at solicitation intake,Potentially yes — direct solicitation notice,No evidence in extract; verify solicitation,Potentially yes — subject to active SAM registration and representations,Review required,Review exact product/NSN; no conflict detected,Medical / pharmaceutical,Partial — attachments or detail retrieval required,Unknown — never infer from award amount,Not modeled before archive/requirements gate,Unclassified pending sourcing,Not modeled before supplier pricing,85,0,Strikeout,Gate 6 — product/service exclusion,NO-BID / REJECT AT INTAKE,Moderate — official extract metadata; attachments not yet reconstructed,"Extract Active flag inconsistent with 2023-2024 closed deadline; verify notice version/archive directly. No separate additional-information link in extract. Award outcome is answer key, not pre-award pricing evidence.",64814
HOS01-092,7c936694a4164cc3b4c8b134f12a70d9,N4008024R2401,https://sam.gov/workspace/contract/opp/7c936694a4164cc3b4c8b134f12a70d9/view,Solicitation,2024-11-18,2024-11-22,DEPT OF DEFENSE,DEPT OF THE NAVY,NAVFACSYSCOM WASHINGTON,"INDEFINITE-DELIVERY, INDEFINITE-QUANTITY (IDIQ) MULTIPLE AWARD CONSTRUCTION CONTRACT (MACC) SMALL BUSINESS (SB) SET ASIDE FOR ROOFING SERVICES FOR FACILITIES PRIMARILY IN THE NAVFAC WASHINGTON, AREA OF RESPONSIBILITY (AOR)","This acquisition will result in the award of a Design-Build (DB)/Design- Bid-Build (DBB), Indefinite-Delivery/Indefinite Quantity (IDIQ), Multiple Award Construction Contract (MACC) for various roofing projects within the NAVFAC Washington Area of Responsibility (AOR). The Government intends to award approximately five (5) contracts resulting from this solicitation to the responsible Offerors whose proposals represent the best values after evaluation in accordance with the factors and their relative importance, unless more or less than five (5) is determined to be the best value to the government by the Source Selection Authority.Construction projects to be performed under this MACC will require the ability to manage multiple task orders concurrently across the NAVFAC Washington AOR. This MACC will encompass a variety of projects that include, but are not limited to the New Construction, Demolition, Repair, Alteration, and/or renovation of roofing or roofingmaterials (and may include minor general construction scope such as architectural, structural, mechanical or electrical items). Task Orders may include, but not limited to, removal and reinstallation of existing roof mounted equ",238160,Y1JZ,Total Small Business Set-Aside (FAR 19.5),Unknown pre-award; historical award is answer key,Service / mixed,MRO tools and commercial hardware,"Washington Navy Yard, DC, 20374, USA","Washington Navy Yard, DC, 20374, USA",Unknown / direct record review required,Unknown — version history retrieval required,Unknown — archive retrieval required,Yes — embedded in official extract,https://sam.gov/workspace/contract/opp/7c936694a4164cc3b4c8b134f12a70d9/view,null,,Not provided in extract outcome fields,Not indicated at solicitation intake,Potentially yes — direct solicitation notice,No evidence in extract; verify solicitation,Potentially yes — subject to active SAM registration and representations,Review required,Review exact product/NSN; no conflict detected,Medical / pharmaceutical,Partial — attachments or detail retrieval required,Unknown — never infer from award amount,Not modeled before archive/requirements gate,Unclassified pending sourcing,Not modeled before supplier pricing,85,0,Strikeout,Gate 6 — product/service exclusion,NO-BID / REJECT AT INTAKE,Moderate — official extract metadata; attachments not yet reconstructed,"Extract Active flag inconsistent with 2023-2024 closed deadline; verify notice version/archive directly. No separate additional-information link in extract. Award outcome is answer key, not pre-award pricing evidence.",64813
HOS01-093,56ce784b5e224cb087b86c3cc51dfb3b,N4008024R2401,https://sam.gov/workspace/contract/opp/56ce784b5e224cb087b86c3cc51dfb3b/view,Solicitation,2024-11-20,2024-11-22,DEPT OF DEFENSE,DEPT OF THE NAVY,NAVFACSYSCOM WASHINGTON,"INDEFINITE-DELIVERY, INDEFINITE-QUANTITY (IDIQ) MULTIPLE AWARD CONSTRUCTION CONTRACT (MACC) SMALL BUSINESS (SB) SET ASIDE FOR ROOFING SERVICES FOR FACILITIES PRIMARILY IN THE NAVFAC WASHINGTON, AREA OF RESPONSIBILITY (AOR)","This acquisition will result in the award of a Design-Build (DB)/Design- Bid-Build (DBB), Indefinite-Delivery/Indefinite Quantity (IDIQ), Multiple Award Construction Contract (MACC) for various roofing projects within the NAVFAC Washington Area of Responsibility (AOR). The Government intends to award approximately five (5) contracts resulting from this solicitation to the responsible Offerors whose proposals represent the best values after evaluation in accordance with the factors and their relative importance, unless more or less than five (5) is determined to be the best value to the government by the Source Selection Authority.Construction projects to be performed under this MACC will require the ability to manage multiple task orders concurrently across the NAVFAC Washington AOR. This MACC will encompass a variety of projects that include, but are not limited to the New Construction, Demolition, Repair, Alteration, and/or renovation of roofing or roofingmaterials (and may include minor general construction scope such as architectural, structural, mechanical or electrical items). Task Orders may include, but not limited to, removal and reinstallation of existing roof mounted equ",238160,Y1JZ,Total Small Business Set-Aside (FAR 19.5),Unknown pre-award; historical award is answer key,Service / mixed,MRO tools and commercial hardware,"Washington Navy Yard, DC, 20374, USA","Washington Navy Yard, DC, 20374, USA",Unknown / direct record review required,Unknown — version history retrieval required,Unknown — archive retrieval required,Yes — embedded in official extract,https://sam.gov/workspace/contract/opp/56ce784b5e224cb087b86c3cc51dfb3b/view,null,,Not provided in extract outcome fields,Not indicated at solicitation intake,Potentially yes — direct solicitation notice,No evidence in extract; verify solicitation,Potentially yes — subject to active SAM registration and representations,Review required,Review exact product/NSN; no conflict detected,Medical / pharmaceutical,Partial — attachments or detail retrieval required,Unknown — never infer from award amount,Not modeled before archive/requirements gate,Unclassified pending sourcing,Not modeled before supplier pricing,85,0,Strikeout,Gate 6 — product/service exclusion,NO-BID / REJECT AT INTAKE,Moderate — official extract metadata; attachments not yet reconstructed,"Extract Active flag inconsistent with 2023-2024 closed deadline; verify notice version/archive directly. No separate additional-information link in extract. Award outcome is answer key, not pre-award pricing evidence.",64792
HOS01-094,66696d5b141f46c5b5a507f0aaac7c7e,N4008024R2401,https://sam.gov/workspace/contract/opp/66696d5b141f46c5b5a507f0aaac7c7e/view,Solicitation,2024-11-20,2024-11-22,DEPT OF DEFENSE,DEPT OF THE NAVY,NAVFACSYSCOM WASHINGTON,"INDEFINITE-DELIVERY, INDEFINITE-QUANTITY (IDIQ) MULTIPLE AWARD CONSTRUCTION CONTRACT (MACC) SMALL BUSINESS (SB) SET ASIDE FOR ROOFING SERVICES FOR FACILITIES PRIMARILY IN THE NAVFAC WASHINGTON, AREA OF RESPONSIBILITY (AOR)","This acquisition will result in the award of a Design-Build (DB)/Design- Bid-Build (DBB), Indefinite-Delivery/Indefinite Quantity (IDIQ), Multiple Award Construction Contract (MACC) for various roofing projects within the NAVFAC Washington Area of Responsibility (AOR). The Government intends to award approximately five (5) contracts resulting from this solicitation to the responsible Offerors whose proposals represent the best values after evaluation in accordance with the factors and their relative importance, unless more or less than five (5) is determined to be the best value to the government by the Source Selection Authority.Construction projects to be performed under this MACC will require the ability to manage multiple task orders concurrently across the NAVFAC Washington AOR. This MACC will encompass a variety of projects that include, but are not limited to the New Construction, Demolition, Repair, Alteration, and/or renovation of roofing or roofingmaterials (and may include minor general construction scope such as architectural, structural, mechanical or electrical items). Task Orders may include, but not limited to, removal and reinstallation of existing roof mounted equ",238160,Y1JZ,Total Small Business Set-Aside (FAR 19.5),Unknown pre-award; historical award is answer key,Service / mixed,MRO tools and commercial hardware,"Washington Navy Yard, DC, 20374, USA","Washington Navy Yard, DC, 20374, USA",Unknown / direct record review required,Unknown — version history retrieval required,Unknown — archive retrieval required,Yes — embedded in official extract,https://sam.gov/workspace/contract/opp/66696d5b141f46c5b5a507f0aaac7c7e/view,null,,Not provided in extract outcome fields,Not indicated at solicitation intake,Potentially yes — direct solicitation notice,No evidence in extract; verify solicitation,Potentially yes — subject to active SAM registration and representations,Review required,Review exact product/NSN; no conflict detected,Medical / pharmaceutical,Partial — attachments or detail retrieval required,Unknown — never infer from award amount,Not modeled before archive/requirements gate,Unclassified pending sourcing,Not modeled before supplier pricing,85,0,Strikeout,Gate 6 — product/service exclusion,NO-BID / REJECT AT INTAKE,Moderate — official extract metadata; attachments not yet reconstructed,"Extract Active flag inconsistent with 2023-2024 closed deadline; verify notice version/archive directly. No separate additional-information link in extract. Award outcome is answer key, not pre-award pricing evidence.",64791
HOS01-095,6d4cb3fd92314393a8e3250eb1d4eb96,N4008024R2401,https://sam.gov/workspace/contract/opp/6d4cb3fd92314393a8e3250eb1d4eb96/view,Solicitation,2024-11-20,2024-11-22,DEPT OF DEFENSE,DEPT OF THE NAVY,NAVFACSYSCOM WASHINGTON,"INDEFINITE-DELIVERY, INDEFINITE-QUANTITY (IDIQ) MULTIPLE AWARD CONSTRUCTION CONTRACT (MACC) SMALL BUSINESS (SB) SET ASIDE FOR ROOFING SERVICES FOR FACILITIES PRIMARILY IN THE NAVFAC WASHINGTON, AREA OF RESPONSIBILITY (AOR)","This acquisition will result in the award of a Design-Build (DB)/Design- Bid-Build (DBB), Indefinite-Delivery/Indefinite Quantity (IDIQ), Multiple Award Construction Contract (MACC) for various roofing projects within the NAVFAC Washington Area of Responsibility (AOR). The Government intends to award approximately five (5) contracts resulting from this solicitation to the responsible Offerors whose proposals represent the best values after evaluation in accordance with the factors and their relative importance, unless more or less than five (5) is determined to be the best value to the government by the Source Selection Authority.Construction projects to be performed under this MACC will require the ability to manage multiple task orders concurrently across the NAVFAC Washington AOR. This MACC will encompass a variety of projects that include, but are not limited to the New Construction, Demolition, Repair, Alteration, and/or renovation of roofing or roofingmaterials (and may include minor general construction scope such as architectural, structural, mechanical or electrical items). Task Orders may include, but not limited to, removal and reinstallation of existing roof mounted equ",238160,Y1JZ,Total Small Business Set-Aside (FAR 19.5),Unknown pre-award; historical award is answer key,Service / mixed,MRO tools and commercial hardware,"Washington Navy Yard, DC, 20374, USA","Washington Navy Yard, DC, 20374, USA",Unknown / direct record review required,Unknown — version history retrieval required,Unknown — archive retrieval required,Yes — embedded in official extract,https://sam.gov/workspace/contract/opp/6d4cb3fd92314393a8e3250eb1d4eb96/view,null,,Not provided in extract outcome fields,Not indicated at solicitation intake,Potentially yes — direct solicitation notice,No evidence in extract; verify solicitation,Potentially yes — subject to active SAM registration and representations,Review required,Review exact product/NSN; no conflict detected,Medical / pharmaceutical,Partial — attachments or detail retrieval required,Unknown — never infer from award amount,Not modeled before archive/requirements gate,Unclassified pending sourcing,Not modeled before supplier pricing,85,0,Strikeout,Gate 6 — product/service exclusion,NO-BID / REJECT AT INTAKE,Moderate — official extract metadata; attachments not yet reconstructed,"Extract Active flag inconsistent with 2023-2024 closed deadline; verify notice version/archive directly. No separate additional-information link in extract. Award outcome is answer key, not pre-award pricing evidence.",64799
HOS01-096,911c22d3e92d410eaf966c8b071a3222,N4008024R2401,https://sam.gov/workspace/contract/opp/911c22d3e92d410eaf966c8b071a3222/view,Solicitation,2024-11-20,2024-11-22,DEPT OF DEFENSE,DEPT OF THE NAVY,NAVFACSYSCOM WASHINGTON,"INDEFINITE-DELIVERY, INDEFINITE-QUANTITY (IDIQ) MULTIPLE AWARD CONSTRUCTION CONTRACT (MACC) SMALL BUSINESS (SB) SET ASIDE FOR ROOFING SERVICES FOR FACILITIES PRIMARILY IN THE NAVFAC WASHINGTON, AREA OF RESPONSIBILITY (AOR)","This acquisition will result in the award of a Design-Build (DB)/Design- Bid-Build (DBB), Indefinite-Delivery/Indefinite Quantity (IDIQ), Multiple Award Construction Contract (MACC) for various roofing projects within the NAVFAC Washington Area of Responsibility (AOR). The Government intends to award approximately five (5) contracts resulting from this solicitation to the responsible Offerors whose proposals represent the best values after evaluation in accordance with the factors and their relative importance, unless more or less than five (5) is determined to be the best value to the government by the Source Selection Authority.Construction projects to be performed under this MACC will require the ability to manage multiple task orders concurrently across the NAVFAC Washington AOR. This MACC will encompass a variety of projects that include, but are not limited to the New Construction, Demolition, Repair, Alteration, and/or renovation of roofing or roofingmaterials (and may include minor general construction scope such as architectural, structural, mechanical or electrical items). Task Orders may include, but not limited to, removal and reinstallation of existing roof mounted equ",238160,Y1JZ,Total Small Business Set-Aside (FAR 19.5),Unknown pre-award; historical award is answer key,Service / mixed,MRO tools and commercial hardware,"Washington Navy Yard, DC, 20374, USA","Washington Navy Yard, DC, 20374, USA",Unknown / direct record review required,Unknown — version history retrieval required,Unknown — archive retrieval required,Yes — embedded in official extract,https://sam.gov/workspace/contract/opp/911c22d3e92d410eaf966c8b071a3222/view,null,,Not provided in extract outcome fields,Not indicated at solicitation intake,Potentially yes — direct solicitation notice,No evidence in extract; verify solicitation,Potentially yes — subject to active SAM registration and representations,Review required,Review exact product/NSN; no conflict detected,Medical / pharmaceutical,Partial — attachments or detail retrieval required,Unknown — never infer from award amount,Not modeled before archive/requirements gate,Unclassified pending sourcing,Not modeled before supplier pricing,85,0,Strikeout,Gate 6 — product/service exclusion,NO-BID / REJECT AT INTAKE,Moderate — official extract metadata; attachments not yet reconstructed,"Extract Active flag inconsistent with 2023-2024 closed deadline; verify notice version/archive directly. No separate additional-information link in extract. Award outcome is answer key, not pre-award pricing evidence.",64800
HOS01-097,b112fa18e97145c9a6066af1db8c7c80,W912P624B0017,https://sam.gov/workspace/contract/opp/b112fa18e97145c9a6066af1db8c7c80/view,Solicitation,2024-11-22,2024-11-25,DEPT OF DEFENSE,DEPT OF THE ARMY,W072 ENDIST CHICAGO,"VILLAGE OF MATTESON WATER MAIN REPLACEMENT PHASE II, MATTESON, COOK COUNTY, ILLINOIS (USACE ACQUISITION)","VIRTUAL BID OPENING INFORMATION: THE VIRTUAL BID OPENING WILL BE CONDUCTED ON NOVEMBER 25, 2024 AT 2:00 P.M. (CENTRAL TIME). AT THE DESIGNATED DAY AND TIME, PLEASE JOIN BY: MEETING LINK: https://usace1.webex.com/usace1/j.php?MTID=m6801cdd50632ecfa5f1fca96a4b5f475 Meeting number (access code): 2821 710 9840 Meeting Password: KYcnxhb$534 OR, JOIN BY PHONE: 1-844-800-2712 US Toll Free 1-669-234-1177 US Toll Access code: 2821 710 9840 Conf ID: press the # sign **************************************************************************************************************************************************** EFFECTIVE NOVEMBER 13, 2024: The government has posted Amendment No. 0001 hereunder this Notice (please refer to the Attachments Section). ** Under this Solicitation Notice, the United States Army Corps of Engineers - Chicago District issues Solicitation No. W912P624B0017 for bidding purposes. Therefore, provided hereunder is the relevant bid package for its construction project entitled, Village of Matteson Water Main Replacement Phase II, Matteson, Cook County, Illinois (USACE Acquisition). PROJECT INFORMATION: The project work involves the replacement of a watermain. The base work",237110,Y1PZ,Total Small Business Set-Aside (FAR 19.5),Unknown pre-award; historical award is answer key,Service / mixed,MRO tools and commercial hardware,,Not recovered from extract,Unknown / direct record review required,Unknown — version history retrieval required,Unknown — archive retrieval required,Yes — embedded in official extract,https://sam.gov/workspace/contract/opp/b112fa18e97145c9a6066af1db8c7c80/view,null,,Not provided in extract outcome fields,Not indicated at solicitation intake,Potentially yes — direct solicitation notice,No evidence in extract; verify solicitation,Potentially yes — subject to active SAM registration and representations,Review required,Review exact product/NSN; no conflict detected,Construction / installation / repair / field service,Likely complete enough for archive review,Unknown — never infer from award amount,Not modeled before archive/requirements gate,Unclassified pending sourcing,Not modeled before supplier pricing,85,0,Strikeout,Gate 6 — product/service exclusion,NO-BID / REJECT AT INTAKE,Moderate — official extract metadata; attachments not yet reconstructed,"Extract Active flag inconsistent with 2023-2024 closed deadline; verify notice version/archive directly. No separate additional-information link in extract. Award outcome is answer key, not pre-award pricing evidence.",64760
HOS01-098,0bc5121477ab4b458272877609ea111e,W912P624B0017,https://sam.gov/workspace/contract/opp/0bc5121477ab4b458272877609ea111e/view,Solicitation,2024-11-25,2024-11-25,DEPT OF DEFENSE,DEPT OF THE ARMY,W072 ENDIST CHICAGO,"VILLAGE OF MATTESON WATER MAIN REPLACEMENT PHASE II, MATTESON, COOK COUNTY, ILLINOIS (USACE ACQUISITION)","EFFECTIVE NOVEMBER 25, 2024: The government has attached the Bid Opening Results (please refer to the Attachments Section of this Notice). **************************************************************************************************************************************************** VIRTUAL BID OPENING INFORMATION: THE VIRTUAL BID OPENING WILL BE CONDUCTED ON NOVEMBER 25, 2024 AT 2:00 P.M. (CENTRAL TIME). AT THE DESIGNATED DAY AND TIME, PLEASE JOIN BY: MEETING LINK: https://usace1.webex.com/usace1/j.php?MTID=m6801cdd50632ecfa5f1fca96a4b5f475 Meeting number (access code): 2821 710 9840 Meeting Password: KYcnxhb$534 OR, JOIN BY PHONE: 1-844-800-2712 US Toll Free 1-669-234-1177 US Toll Access code: 2821 710 9840 Conf ID: press the # sign **************************************************************************************************************************************************** EFFECTIVE NOVEMBER 13, 2024: The government has posted Amendment No. 0001 hereunder this Notice (please refer to the Attachments Section). ** Under this Solicitation Notice, the United States Army Corps of Engineers - Chicago District issues Solicitation No. W912P624B0017 for bidding purposes. Therefo",237110,Y1PZ,Total Small Business Set-Aside (FAR 19.5),Unknown pre-award; historical award is answer key,Service / mixed,MRO tools and commercial hardware,,Not recovered from extract,Unknown / direct record review required,Unknown — version history retrieval required,Unknown — archive retrieval required,Yes — embedded in official extract,https://sam.gov/workspace/contract/opp/0bc5121477ab4b458272877609ea111e/view,null,,Not provided in extract outcome fields,Not indicated at solicitation intake,Potentially yes — direct solicitation notice,No evidence in extract; verify solicitation,Potentially yes — subject to active SAM registration and representations,Review required,Review exact product/NSN; no conflict detected,Construction / installation / repair / field service,Likely complete enough for archive review,Unknown — never infer from award amount,Not modeled before archive/requirements gate,Unclassified pending sourcing,Not modeled before supplier pricing,85,0,Strikeout,Gate 6 — product/service exclusion,NO-BID / REJECT AT INTAKE,Moderate — official extract metadata; attachments not yet reconstructed,"Extract Active flag inconsistent with 2023-2024 closed deadline; verify notice version/archive directly. No separate additional-information link in extract. Award outcome is answer key, not pre-award pricing evidence.",64739
HOS01-099,9c6ba1d4d9814422b733494d125e7a4f,36C10F24R0014,https://sam.gov/workspace/contract/opp/9c6ba1d4d9814422b733494d125e7a4f/view,Combined Synopsis/Solicitation,2024-11-26,2024-12-09,"VETERANS AFFAIRS, DEPARTMENT OF","VETERANS AFFAIRS, DEPARTMENT OF",OFFICE OF CONSTRUCTION &  FACILITIES MGMT (36C10F),"X1DB--Junction City, KS OPC 42,731-47,409 ANSI/BOMA","Amendment No.2 Junction City, KS Outpatient Clinic 42,731-47,409 ANSI/BOMA",531120,X1DB,Service-Disabled Veteran-Owned Small Business Set Aside,Unknown pre-award; historical award is answer key,Service / mixed,Mixed control,,Not recovered from extract,Unknown / direct record review required,Unknown — version history retrieval required,Unknown — archive retrieval required,Yes — embedded in official extract,https://sam.gov/workspace/contract/opp/9c6ba1d4d9814422b733494d125e7a4f/view,null,,Not provided in extract outcome fields,Not indicated at solicitation intake,Potentially yes — direct solicitation notice,No evidence in extract; verify solicitation,No — socioeconomic set-aside not held by GGG,Review required,Review exact product/NSN; no conflict detected,Medical / pharmaceutical,Incomplete from extract,Unknown — never infer from award amount,Not modeled before archive/requirements gate,Unclassified pending sourcing,Not modeled before supplier pricing,45,0,Strikeout,Gate 4 — GGG eligibility,NO-BID / REJECT AT INTAKE,Moderate — official extract metadata; attachments not yet reconstructed,"Extract Active flag inconsistent with 2023-2024 closed deadline; verify notice version/archive directly. No separate additional-information link in extract. Award outcome is answer key, not pre-award pricing evidence.",64720
HOS01-100,f0e5467f634a4ca189feb79c7d96cf13,W911S225U0172,https://sam.gov/workspace/contract/opp/f0e5467f634a4ca189feb79c7d96cf13/view,Combined Synopsis/Solicitation,2024-12-12,2024-12-19,DEPT OF DEFENSE,DEPT OF THE ARMY,W6QM MICC-FT DRUM,Multi-Gas Analyzer,Multi-Gas Analyzers,334516,6640,Total Small Business Set-Aside (FAR 19.5),Unknown pre-award; historical award is answer key,Product,Mixed control,,Not recovered from extract,Unknown / direct record review required,Unknown — version history retrieval required,Unknown — archive retrieval required,Yes — embedded in official extract,https://sam.gov/workspace/contract/opp/f0e5467f634a4ca189feb79c7d96cf13/view,null,,Not provided in extract outcome fields,Not indicated at solicitation intake,Potentially yes — direct solicitation notice,No evidence in extract; verify solicitation,Potentially yes — subject to active SAM registration and representations,Review required,Review exact product/NSN; no conflict detected,Pass / no automatic exclusion detected,Incomplete from extract,Unknown — never infer from award amount,Not modeled before archive/requirements gate,Unclassified pending sourcing,Not modeled before supplier pricing,85,50,Strikeout,Gate 7 — requirement completeness,NO-BID / REJECT AT INTAKE,Moderate — official extract metadata; attachments not yet reconstructed,"Extract Active flag inconsistent with 2023-2024 closed deadline; verify notice version/archive directly. No separate additional-information link in extract. Award outcome is answer key, not pre-award pricing evidence.",64598
